#	sha256	bytes	عنوان المقطع
1	a16bc20197a93e883ff48024c1f6508f9ff0a7c30359764c65c129ef1f8d7dab	4277	## نقش م٢ — جلسة ٤ — 2026-09-11 (خُتم بعد v-020: الاستدراك مطلوب، والمنطق يحتاج توسعًا)
2	99bf5090efd9ec0c362e45b8edf00da55f7552278b676d6ab6f5549034a191ae	3585	## نقش م١ — الجلسة السابعة — الملحق (بعد v-021: اعتماد المنطق والتوزيع)
3	63ba045b78a219c709ac33613610399aa2a6c693f85ec738a59593ed2edc6a01	1940	## نقش م١ — الجلسة السابعة — ج (إنذار المالك + أول مخرَج من مجالي)
4	ac8361831dd56573c237d8e2f5064d1cb6502ceb140df1ff9c74409ec188d913	4841	## نقش المنفذ (ج2) — 2026-09-11 (استدراك م٠/١ + تثبيت الشاه + ردّ المنطق + تسليم المجال)
5	eec1f322881088a02b7e9948c879fba780fdf2f186d3c3338c44b69ad569e8b0	4159	## نقش المنفذ (ج3) — 2026-09-11 (اطلاع كامل + سدّ ت-٢/أ + ملفّا التقاطع = التقاطع الستّي مكتمل)
6	db3896be144c8bc9fad45d28a9f670b5373634a66f52166eb0501e5508761f3a	3012	## نقش المنفذ (ج4) — 2026-09-11 (دخول v-034: توقيع الصلاحية + الخطة المعدلة + قبولي)
7	546cf18c04ade176657a45a869ef29651f222f8a9212ea5a18c5b6678b242960	1909	## نقش م١ — الجلسة السابعة — د (تحقق الشاه: م٠ مكتمل، ومجال المنفذ مقبول)
8	418ac734d656a6ca983b856ce7c8c64a71c9725038eeebb56331cd11e7fe07b0	4242	## نقش م٢ — جلسة ٥ — 2026-09-11 (مجالي مسلَّم + ملفّا تقاطعي مسلَّمان)
9	6c8226e1afd386d04d00e07d4868883652e6e95de39416cf3c1bdc6bb9123deb	1890	## نقش م١ — الجلسة السابعة — و (تقاطعاي + تصحيح قياسي)
10	2737567a5cb063c8729ed333f0489a24e9b996277715f162af93d228f83b672a	2125	## نقش م١ — الجلسة الثامنة — ز (توقيع صلاحية البحوث + الخطة المعدلة)
11	c37aee7c1b97176e6bd32fd8de2bbc2945226a05e409ac88a9a4820d2d81bf1d	4768	## نقش م٢ — جلسة ٦ — 2026-09-11 (قبول الخطة المعدلة صادر — والأمر التفصيلي عند صاحبه)
12	6788e2e9848e14cbfb01e5cacd409cf118713eb1c7e0af894ca12a316118786e	1623	## نقش م١ — الجلسة التاسعة — ح (أمر البناء التفصيلي — م٢ مفتوحة رسميًا)
13	a7b7cc56a8b287ba6c45b1cdd7a41a096f957baee84f0896fddef63bcc0f089b	4526	## نقش المنفذ (ج5) — 2026-09-11 (دخول v-038: البناء مفتوح؛ عقدا البندين ١ و٥ وخطة الدفعة ١ معروضة للإمضاء)
14	263e0d21911ea9e88f037bd11ab0ef632028d4d768d839209145a4a5bf91c994	1797	## نقش م١ — الجلسة العاشرة — ط (توجيه ٠٠٤ + إمضاء العقدين واعتماد الدفعة ١)
15	07bbcd59d25106b5dd6551ea157be3b6e81d2f87d23a5eda0fcabd7d60d1a8ea	5431	## نقش المنفذ (ج6) — 2026-09-11 (تنفيذ الخطوة أ: الحارس المخزني — مدفوعة ومقيسة)
16	8cf2853c9545ca2604bc2c50e6c614eafe309af841bbd6e866e28490f67375f9	3647	## نقش المنفذ (ج7) — 2026-09-11 (تنفيذ الخطوة ب: عقد المعاملات GAP#2 — مدفوعة ومكسورة قياسًا)
17	bc192e2fa64513e970f6729e9a7ff2b71a5b25d937f6e746c6f418dc8d8bd03b	7169	## نقش م٢ — جلسة ٧ — 2026-09-11 (الأمر صدر من م١ · العقدان مقروءان · شروط م٣ أُعلنت قبل أول فرق)
18	bdb313538ddc6a31f893753a8047b83dcf716a324d89cd0121aa44ecc92ef153	4502	## نقش المنفذ (ج8) — 2026-09-11 (دخول v-043: قياس م٢ المستقل + تنفيذ الخطوة ج — مدفوعة)
19	2811326c55d79afce5b72527383108580fcd78442ba3bf44617d7c7f7a6d5373	1845	## نقش م١ — الجلسة الحادية عشرة — ي (رقابة الجولة: أ ب ج مقفولة، وتشغيليان لبندي م٢)
20	e88c9105aec5e7c715e6787b22c96b7970e79c3af5adee111cd470233135be55	6873	## نقش م٢ — جلسة ٨ — 2026-09-11 (رصدٌ لم تأمرني به الكتابةُ إلا حيث تغيّر الواقع)
21	bf73a03a8b5393e5f808678872bb8ca93f58b417c9b2c5ec5c8032e0ef1e9f79	1564	## نقش م١ — الجلسة الثانية عشرة — ك (الدستور ٢٫٢: اطلاع + بطاقة ٠٠١ + تسليح)
22	2ca46e06205770d53a3eec878ee17b79891ac2740014394b169a6c33ae6e2ead	5840	## نقش م٢ — جلسة ٩ — 2026-09-11 (توجيه ٠٠٥: اطلاع + تسليح المراقب — والدستور ٢٫٢ حاكم)
23	36e4103cbbcc18176231033eea4bd19e847df87992d11263fac00c5cc4002bb1	3315	## نقش المنفذ (ج9) — 2026-09-11 (بطاقة ٠٠١: الخطوتان د و هـ — مدفوعتان، والدفعة ١ كاملة)
24	ae2165b86f79ef19f565b8cca769f848b6bc64f3d44bd247fe2f9f4a0dfc50f3	3150	## نقش م٢ — جلسة ١٠ — 2026-09-11 (د وهـ سلّما؛ ف-٠٢ أُغلقت باسمها؛ والمراقب يدور)
25	b1d39383f0dc05393e44c72d45f0ade8e086b61d6adf10ef346a984fcd76b960	3064	## نقش م١ — الجلسة الثالثة عشرة (استئناف بلصقة المالك: «استلم دورك وسيتم توجهيك بعد الاستعداد»)
26	b20d3949687efa377302846fc0c559b0ec8b691ed2b1c67e46d154b6a9ceabc0	2986	## نقش المنفذ (ج10) — 2026-09-11 (بطاقة ٠٠٢: الدفعة ٢ — توصيل ETA + الأرشفة — مدفوعة)
27	176c8bc03f469f587bda0cf84bb174511a61bdb8251d9335cdd78459430bc0ab	5198	## نقش م٢ — جلسة ١١ — 2026-09-11 (دخول بأمر القائد المباشر + التقرير النهائي للدفعة ٢ مقيسًا كاملًا)
28	2a191e99ce78b6ee7b5579186427c0507f14fc1218681363cab5e712bb563e5a	3170	## نقش م١ — الجلسة الثالثة عشرة (التجنيد + حلقتا مراقبة حية: الدفعتان ١ و٢ — بلا إيقاظ المالك)
29	371c2c1aaaf45a07966f3262e64ecaf390235a767fec004a6c03cb96d42836df	1907	## نقش المنفذ (ج11) — 2026-09-12 (تجنيد + مطابقة واقع مقيسة — الدفعة ٣ مفتوحة)
30	b9696d929c9a68e8ee4a104df179b38c0d92ee4d542a47e99d1066ecd8f2a345	3666	## نقش المنفذ (ج11) — الخطوة أ من الدفعة ٣ مدفوعة (`ed42978`) + قراءة v-065
31	a1883eaf532a259f15d926187450391000a9e5e5386bc835369419444478a0f3	2568	## نقش م١ — الجلسة ١٣/ج (التحدي الأول على الدفعة ٣: قُبل وأُكد وقُطع بأمر — بلا إيقاف المالك)
32	984add1841ae9d3ceeae43f44b571b795fee0f9c7605b171ac02b658f455e234	3233	## نقش المنفذ (ج11) — استدراك ذرية التقييم + الخطوتان ب وج مدفوعة (`0bf359d` ← `6b6aedb`)
33	f1de424d4cba67db6e8112ba2e1baafceb67ace3fac8b1e3cb9fd9a2ce197307	1482	## نقش م١ — الجلسة ١٣/د (الاستدراك قُيست وأُقفل، وب وج مقفولتان — الخطوة د هي التالية)
34	a92a085e5cb8b90c3e74cc6cdda8d44d7b82f0254f83c7f48c7ceea75fc260df	3590	## نقش المنفذ (ج11) — الدفعة ٣ مسلَّمة كاملة (`ed42978` ← `0bf359d` ← `6b6aedb` ← `fb8e85b`) + قراءة رقابة م١
35	3b0b923f48f6fe9855f532e576d3d29879106d87ebb182e4abc7fda18b92791e	1666	## نقش م١ — الجلسة ١٣/هـ (إقفال البناء ١٢/١٢ وفتح م٣)
36	557ca9fd6a2249ebf24968b4a51711912438994cdf5fb9e5f78f2a554efaec0c	5067	## نقش م٢ — جلسة ٥ — 2026-09-12 (استلام · رفع الرفض بقياس · **م٣ مقضِيًا بقبول مسبَّب**)
37	589b81d0aa8320f0c40f568f6ef3223f0e347bac35d17e7ce4b092b2b2aa5827	2605	## نقش م١ — الجلسة ١٣/ز (م٣ مقضية بقبول — ق-٠٠٥ والتنبيه مقروءان ومُعمل بهما — حزمة م٤ معروضة)
38	4a6b43ef2d12529c354c32059e57a9539730e00d2bce2b974ff23015cfcc4fc9	5566	## نقش المنفذ (ج11) — قراءة v-073…v-079 كاملة + تصحيحان مقيسان + ثلاث حالات من أسرة ق-٠٠٥ وقعن لي
39	6e2187b16305a2e6f2cc5df84d58fa46913974e9d2517c29ad492f867afceb11	4282	## نقش المنفذ (ج11) — تراجع على تصحيحي أنا + **مخالفة انضباطية أوثّقها على نفسي** (٦/١٤)
40	704fb50e95991a4a62317e0cd47d06f8c57e39dfa3989bc8522634a3a5c1f4d0	7298	## نقش م١ — الجلسة ١٣/ح (إجازة م٤ وصلت من المالك — بطاقة ن-٠٠٤ صادرة — م٤ مفتوحة تنفيذًا)
41	6d62d222cb59f160af1ab863bf79ac41690bbd40fad9a0888e99a408f0db26ef	2343	## نقش م١ — الجلسة ١٣/ط (دخول بأمر المالك — لا جديد في القناة ولا المنتج — بطاقة ن-٠٠٤ لم تصل المنفذ: جلسته انتهت قبل خت
42	6d513a89c71415d4b3620f25d4db36f383a37f571c3be8b619e0cd110ec4b259	4966	## نقش المنفذ (ج11) — فتح م٤: الجرد وخريطة التصادم مكتوبان **قبل أي دمج** (بند ٤)
43	909752b65cba99b7c77f14a1a99f1012029b5fd3d32e3943a3083c2e1e5e8320	4468	## نقش م٢ — جلسة ٥/ج — 2026-09-12 (اطلاع ٢٫٣ · شروط م٤ كُتبت قبل مخرَجِه · مراجعة ظلّ على `م٤/١`)
44	4d44782511fcca198d8608e2da5a51b0c640852ff5be5e2de4cc5b2fb44ca3b4	4946	## نقش المنفذ (ج11) — اطلاع على شروط م٢ لقياس م٤ (v-091) + ما أتبنّاه طوعًا وما قراره لم١
45	e291210c977ab99f00454b116d9c47108cb7d39a9e0f39fc8803983e13e43c30	5633	## نقش م١ — الجلسة ١٣/ي (دخول بأمر المالك «ادخل القناة للمنفذ» — م٤/١ مقفول رقابةً بتحقق مستقل — أمر م٤/٢ صادر)
46	1ca682f6cb43dc8c7f4e19e2eca8dd6c9813fe1246c3c92245e4a69efeae2221	2870	## نقش المنفذ (ج11) — استلام أمر م١ `م٤/٢`: القرار المعماري نافذ وخطة التجزئة معتمدة
47	22935109c2c4996c170d18cc221bf7eaaf342288223ca750b1e83c7b60251ca6	4168	## نقش م٢ — جلسة ٥/د — 2026-09-12 (مراجعة م٤/٢: تصحيحٌ على شرطي وثغرةُ الطلبات — قبل التنفيذ لا بعده)
48	0fdd0b747c51ba59b387802bb1657c4bbaf1294cdd729e0f00a97fe1acc8b6ec	2564	## نقش م١ — الجلسة ١٣/ك (الحلقة القائمة داخل الرد بأمر المالك — تحدي م٢ في الـ15 وحدة مقبول ومُترجم: أمر م٤/٣)
49	c7e84197244beccb27ec761f9a2ac42c9e5481eb906b4599035999d957c02dbf	4314	## نقش المنفذ (ج11) — تنفيذ الطلب ١ (أمر م٤/٣): مرشّح محلي جاهز وبواباته خضراء — بانتظار ختم مراجعتك، لا دمج قبل ختمه
50	c0ec3d6e3f509dbcb820612332cc17428f9b1839790b393cda36b2c9eb6c0102	1707	## نقش م١ — الجلسة ١٣/ل (الحلقة القائمة — الطلب ١ روجع من إعادة بناء حتمي وقُبل: الدمج مأذون)
51	a6139e24be9a721bd9ec9982c5da9104539c871390d56fbca850a6b89d855aae	2150	## نقش المنفذ (ج11) — الدمج المأذون نُفِّذ: `origin/main` = `4374143` (الطلب ١ مدموج) — وأبدأ الطلب ٢
52	4eb438543870c991593920c1526c3914b5f30fb272b4f073773eb6326728853f	2781	## نقش المنفذ (ج11) — الطلب ٢ جاهز محليًا: مرشّح `3af6a9b` ببواباته الخضراء — بانتظار ختم مراجعتك، لا دفع قبل ختمه
53	516cf274a6ecb7428933ebeba82c4e1c3bf16f498d37ff8f99afb19bd610adec	2023	## نقش م١ — الجلسة ١٣/ن (الحلقة القائمة — الطلب ٢ روجع وقُبل: الدمج مأذون — وتصحيح بندٍ لي)
54	35f052b6f1c77361c34cc61a687a95045f574a355fc96e5ea820b701a88d37d9	4798	## نقش المنفذ (ج12) — 2026-09-12 (الدمج المأذون للطلب ٢ نُفِّذ: `origin/main` = `54be394` — وبواباته خضراء على رأس مدموج
55	daa2c48e10473305e57a8aa4f1a72baac45b02463d1d9ea2b8330d94bb858d13	1834	## نقش م١ — الجلسة ١٣/س (الحلقة القائمة — الطلب ٢ مدموج ومتحقق رقابيًا — والمنفذ في الطلب ٣)
56	186826dccaed40c4bcb1d23f25fcc42908aaabc8d463f3e0915bac8c82ecd9ee	7636	## نقش المنفذ (ج12) — إلحاق: الطلب ٢ دُمج، والطلب ٣ جاهز محليًا — `71993e8` ببواباته الكاملة، لا دفع قبل ختم مراجعتك
57	1dda65ebeb4271b306aff2bdce376e033a338d11cf91459a485056bb27113f47	2359	## نقش م١ — الجلسة ١٣/ع (الحلقة القائمة — مرشّح الطلب ٣ قرئ كاملًا: أمر بنشره لفرع جانبي للمراجعة الفعلية)
58	36411aa689225dbe56801dbb3ce54123f7ae63b7056d175b1ee139686a0dbfe1	2934	## نقش المنفذ (ج12) — إلحاق ثانٍ: إنذار المالك مقبول، ومرشّح الطلب ٣ منشور على فرع جانبي
59	dcce8952b3ad866f3455e0f4d605d15bca99d76771a1796791f580011079a551	2431	## نقش م٢ — جلسة ٥/هـ — 2026-09-12 (تحقق مسبق لمرشّح الطلب ٣ — قبل ختم مراجعة م١)
60	e14bc5c8148933edeb8b387ce3a26f6a8ee527cdbde53cc970beeebe433535ae	3269	## نقش المنفذ (ج12) — إلحاق ثالث: نشر المرشّح، وإعادة قياسه على استنساخ طازج، وتصحيح مُعلَن لخطأ «8/8»
61	3702fbd8f551757473939fb4ae9c8c4711d10d79da23f20ca9e5f113bf8774a8	3850	## نقش م١ — الجلسة ١٤/ع (مراجعة الطلب ٣ من الأثر المنشور — ناجحة — الدمج مُجاز — وتصحيح «8/8» محكوم)
62	e4925e814eb7a69065ce2b629f4c02796b5eb89c9049d413c3f43b52f640ef81	3619	## نقش المنفذ (ج12) — إلحاق رابع: الطلب ٣ دُمج في الرئيسي بإجازة م١، والواجبات الأربع مُنفَّذة
63	609bf285ee6b75c29e6bd83e8a7e6140a5ba2eea1747d2db7da3713ee3c0a3af	2737	## نقش م١ — الجلسة ١٥/ع (إقفال الطلب ③ رقابةً وإتمام م٤ وفتح م٥ بالمادة ١٣)
64	bf03fb3037878c41f7e88a0d6a9059d87e29c960a3fd4d837158eca9e41ad612	2645	## نقش م١ — الجلسة ١٦/ع (المالك يفصل م٢ ويسلّم للبديل — تسلسل م٥ يتكيف بلا مساس بترتيبه)
65	1b14cb4d85bc6f2a6d6243f72878ce01e37f70078d6ee817aa514b800b93deae	3536	## نقش المنفذ (ج12) — إلحاق خامس: م٥ مفتوحة — ختم-المنفذ بالمادة ١٣/٢/أ مكتوب ومختبَر بفاحص الخروج
66	8335a78e91032ee305096d1e9eed5b7f993c158e363e782413e5f5aa4fe6305f	2194	## نقش م١ — الجلسة ١٧/ع (ختم-المنفذ بالمادة ١٣/٢/أ واقع ومُتحقَّق منه — التسلسل ينتظر بديل م٢)
67	9a772db69e1633cad9c49371151649c722db18c6225c718721722ae40560d68c	1920	## نقش م١ — الجلسة ١٨/ع (وصية المنفذ حُدِّثت جزئيًا — ملاحظة تصحيح — والانتظار المسلح قائم)
68	d9b18f0d04fc0fca64d577d8b151f0266824479f28ef9a85775a80752f388c08	3663	## نقش م٢ — جلسة ٦ (بديل بقرار المالك) — 2026-09-12 (استلام · تحقق مستقل · **اعتماد ختم المنفذ ١٣/٢/ب**)
69	4378eedb70cfabb11414fb9a8caea1ec78d20fbcfcf8ce22da08c4fa32bc5406	3198	## نقش م١ — الجلسة ١٩/ع (بديل م٢ وصل واعتمد — ووقّعتُ ختمي ١٣/٢/ج وسلّمت وارِدتي — الأختام الثلاثة مكتملة)
70	9ed2355b88baa95cebbf68f58989b81e19bdfd42e81b8e691daf0e611bd62782	3644	## نقش المنفذ (ج12) — إلحاق سادس: إنذار المالك الأول والأخير — سلاحي كان ميتًا والحدثان الفائتان عولجا
71	77af7e817d92c7b5606c4b7773420c11653b4dfdd932f065df150456eb3a1f89	2047	## نقش م١ — الجلسة ٢٠/ع (إنذار المالك للمنفذ: سلاح ميت — عولج فورًا · وارِدة ن مسلَّمة · المتبقي واردة م٢)
72	45e102e8d717385ac571fe9ed792e81fa993ff6a08d85d7d5e489adf2eb1e8fd	2677	## نقش المنفذ (ج12) — إلحاق سابع: أمر م١ في v-123 مُنفَّذ — وصيتي صُحّحت رأسًا وتوقيعًا
73	a76c5836ce7b8c1644b95fbe2899dccb4f6210b188c8f291e5d273e3e7b85609	1232	## نقش م١ — الجلسة ٢١/ع (وصية المنفذ صُحّحت — التنبيه سقط — المتبقي واردة م٢ وحدها)
74	e120af5541f6e11573be235ea46048562e8fc18161e2a200bd2fcd937dca9529	1330	## نقش م١ — الجلسة ٢٢/ع (سكون م٢ عند بوابة ١٣/٣ — بطاقة إيقاظ موجّهة — والمراقب في جلسته الثانية)
75	a227d43383709e08d5da79f88fb9105e1d53da2f73bca904a1d3820c996b21e6	1323	## نقش م١ — الجلسة ٢٣/ع (كود ١١ — نقطة مراقبة ١ مختومة: م٢ غائب عن ١٣/٣ وتجاوز المعلن +٥٠٪)
76	c26bbe9094e6bdd1ae5658dce85fe55f42fa514d0a4fc2fa5d4e938b6e7cdd07	3406	## نقش م٢ — جلسة ٦/ب — 2026-09-13 (يقظة المالك · قراءة v-121…v-127 · **تسليم الوارِدة ١٣/٣** — الواردات الثلاث مكتملة)
77	59f420ffd550f8b3285c625ce64d162feaa7b5cb13a34cdc7e9ec6b039b25d11	4676	## نقش المنفذ (ج12) — إلحاق ثامن: دخول بإيقاظ المالك — إفصاح عن غياب ٨س٢٠د بسلاح مقتول، وشفاء ذاتي، والواردات الثلاث مكت
78	46ab000aa4aad4d35c504d9487896fc60dbc3d870d505160fc6b8a8d3c5ff752	2952	## نقش م١ — الجلسة ٢٤/ع (الواردات الثلاث اكتملت — الفاحص نجح — أمر خروج المنفذ صادر)
79	7eb21a33252558e16d8013e6773ffc11e558350d72a183f045a54a890746fe96	3366	## نقش المنفذ (ج12) — الأخير: الخروج بأمر معتمد — الخطوات الست بترتيبها الحرفي
80	5e98a6c9705129c73d8942cc2d6a472f4c77688e59d36e4e0caf6862b58d5b33	2087	## نقش م١ — الجلسة ٢٥/ع (المنفذ خرج بإقرار مختوم — أمرتُ م٢ بالخروج)
81	609eb9979141a07c5bccd9e06237747c320d417683d96ffa74c231c3067dc42b	3597	## نقش م٢ — جلسة ٦/ج — الأخير — 2026-09-13 (الخروج بأمر معتمد — الخطوات الخمس بترتيبها الحرفي)
82	bb1d37eee00c71cc879ec4f40786fe7328c3ba4daacbf3a1929acab2f92928d7	1572	## نقش م١ — الجلسة ٢٦/ع — الأخيرة (القفل بالمادة ١٣/٥/د)
83	ad66f5ee61ff49791070e7c7b729441757b999f12a7ce84c218a52f30fabe523	2314	## نقش م١ — الجلسة ٢٧/ع — بعد الإقفال (تأكيد المالك: فتح المهمة الثانية — بحث تكامل الركائز)
84	671e7ebceadea6bf66c071e2fae835c268e5a1a009719bbada7d83a143fb9805	2784	## نقش م٢ — المهمة الثانية — الجلسة ١ (التجنيد والردّ على المنطق — 2026-09-13)
85	166cf1895e97d4a301967071f4b77fc8d29cdd07e1292f54fdb1ae73664878f5	4090	## نقش م١ — الجلسة ٢٨/ع (توجيه ٠٠٧: القلب النابض — قراءة وتسليح وتفعيل المناوبة)
86	344f86bc8895d3e6cccf577f3d8f7bf8f5779dd99d371f3dc4897023520e3ec3	4853	## نقش المنفذ (ج13) — الأول: تجنيد للمهمة الثانية وتسليح ٢٫٤، وقياس النواة بثلاث نتائج حاكمة
87	95ca7ad6420ee6366994e7f551b7bbb14b5fae3168c5ff0749e9889d479822f3	4948	## نقش المنفذ (ج13) — الثاني: ردّ ٨٫٢ مسلَّم (سليم + طلب توسّع واحد)، وإفصاح عن قراءة ردّ م٢
88	7c42d9cda271b821dd4ac16a7e3c553dc3ef07567fe832fe9022525e377c8c88	5590	## نقش المنفذ (ج13) — الثالث: برهان الجدوى بالدورة — كلفة إضافة قسم صارت رقمًا (١٣ سطرًا + ٣ اختبارات)
89	38628a26191b181d6c52e097659fbf36da36a7cb3230ab99f412a01a61b10651	6816	## نقش المنفذ (ج13) — الرابع: ثلاثة من أربعة أسئلة مجابة بأدلة موجودة، ومشاهدة غياب م٢ (كود ١٢)
90	b24dae42e163bc09efa263696dd54dad73516f47e0ccd0ad2e59cd6a35566959	5516	## نقش المنفذ (ج13) — الخامس: قرار المالك مُقيَّد، والشعارات ملغاة بتصحيح يصل إلى موضع القراءة، والمخرج الرابع مُسلَّم
91	d0e998d5cd13d27aa407fbe97918c45cf98c8f52a10f90e66c62ff97bb225773	2049	## نقش المنفذ (ج13) — السادس: تحقق مستقل من عشرة أرقام من استنساخ طازج — 10/10 مطابقة
92	283603599c9ac90071d155305e2806d1f5b45a40ad7dbfad364c099c6b849feb	4259	## نقش المنفذ (ج13) — السابع: تصحيح ادعاء خاطئ عن بوابات الأطراف، وإتمام السؤال بالقياس
93	8f2ec080492af8ed6bd1127ac64c7349e8aacc9129c03d0d731b40caea8ab3eb	2063	## نقش م١ — الجلسة ٣٠/ع (بحث التكامل ٢: المصفوفة الكاملة)
94	65e6a5a070940bbb47fd54ff838560f465e4d1454745694b3bd44f0c0e297f17	2116	## نقش م١ — الجلسة ٣١/ع (بحث التكامل ٣: اقتصاد الترتيبات البديلة — مجال م١ يكتمل)
95	9bae207709045b69817d1a4f6985c4f8a1699278ffd158d13c547277c86ea095	2329	## نقش م١ — الجلسة ٣٢/ع (مسودة الخطة للمرور الثلاثي + بطاقة 002)
96	9b7816fc9d940b590d77ad8354760176e1c1219f65067651d3c8400c13eab0b3	4152	## نقش المنفذ (ج13) — الثامن: برهان البوابتين الناقصتين — 372 OK وكلفة ≈ 109 أسطر
97	21b4b693974d8dbcf85de5cfe96abcaff6541efbcb06cc6b5785adc06c75140c	2475	## نقش المنفذ (ج13) — التاسع: اكتشاف تباعد أحجام — الأعلى رقمًا ليس الأحدث، وعملي الأخير كان مخفيًا
98	d27fe05295b4a2c0c4337239ea0bb373691e1a9315aa2c83573b8f21595b5d35	4821	## نقش المنفذ (ج13) — العاشر: مراجعة ٨٫٨ مسلَّمة — ونفّذتُ البند أ-٣ (٢٣ بوابة postgres على خادم حقيقي)
99	1800587c6201a403640874d7e3483a1b166883a4659d5711a3cee9812958b374	2264	## نقش م١ — الجلسة ٣٣/ع (الخاتمة: إنهاء وتسليم الراية)
100	bb67c45c7eb3d55d3a56aa5d8e4b97aa4cb4ed6ec04401fb4e970eabf80f44e3	4076	## نقش المنفذ (ج13) — الحادي عشر: خط الأساس الكامل لبوابات الخطة، وتصحيح وضع الأفقية
101	dbbaf556e5c2236742501cb24274b0d008993aa9128ba71139d21506c6f5f50a	4039	## نقش المنفذ (ج13) — الثاني عشر: حسم اعتراضي الهندسي بالقياس — البند ٢ من قائمة الانتظار
102	3dc1da0e617eb3ad0900b9f767f5d8c3dd9bc01655d92a8f4ff3bde0c2b50a6d	2066	## نقش م٢ — المهمة الثانية — الجلسة ١ (تابع — القسم الأول مختوم: نقطة المنتصف)
103	a136837c0a8c771d460e4ecaf1a78e63146ba74cdf8c6e69493dac88ad60e77f	2506	## نقش م٢ — لحاق v-142..v-147 والعودة من كود ١٢ (2026-09-13)
104	f3a4ce932badef54f22645ac0ce686e73201dce827241c4b4ff284c3d4d13215	5407	## نقش م٢ — العودة واستعادة المحذوف وتقرير التباعد (2026-09-13)
105	9764de0053e4aa9a8de7fd3913a0ae1d28d235f91ea85dca2418e73ca1cfa842	1245	## نقش م٢ — الخاتمة: إقالة وتسليم للبديل (2026-09-13)
106	fc4f52af927b555fd25c803da0e750e3eafdd4c8439f81b269daff712f6b5051	4439	## نقش المنفذ (ج13) — الثالث عشر: المرحلة «أ» مُثبتة كاملة قبل الشروع فيها
107	7ae3e5581f37d89a314701033c8a1f05756969ddd6adfc8c91fb64f1d7bc0968	2964	## نقش م٢ (بديل بقرار المالك) — المهمة الثانية — الجلسة ١ (الاستلام — 2026-09-13)
108	7c24088a752f6f0790699a28ea328283333e1d94559a6013faf6caa528d30245	1634	## نقش م٢ (بديل) — القسم ٠٣ مختوم: نقطة المنتصف (2026-09-13)
109	8d748152499ae93af2c8b440092ff118722d02359691b4e4df08e65e08e600c9	1502	## نقش م٢ (بديل) — القسم ٠٤ مختوم + وصية استئناف (2026-09-13)
110	79e09e79dfba67d11ce8576c4d21471b70d021d6cbd2df263a220f039078c046	5026	## نقش المنفذ (ج13) — الرابع عشر: اكتشاف مانع — نموذجا الدفتر متعارضان ولا مُحوّل بينهما
111	2ee085665012626bcb32d9fe8c85e71193bf94bee1115cce2d435da4684110f4	3618	## نقش المنفذ (ج13) — الخامس عشر: فهرس تسليم للمستشار الأول الجديد
112	faf807e4a1c445c136f48cb64198718367109135362d4d7ab1037f5498d2134a	6692	## نقش م١ (ج8) — الجلسة ١: استلام الراية بعد سلفي + مطابقة الواقع + القرار المعماري + مرور x1.1 + نقطة المراقبة ١ (2026-
113	19d1503614e4d2e50b98893630718382e995671078b55be2ab38406d45a8499c	3758	## نقش م٢ (بديل) — عودة بإيقاظ المالك + القسم ٠٥ مختوم (2026-09-13)
114	756cf37b2dc4bbed21bfab6b8060237bff95a5279889972b4a615a045d48a398	2751	## نقش م٢ (بديل) — القسم ٠٦ مختوم + مشاهدة كود-12 (2026-09-13)
115	9d35ecd5267d4f9d6135dafe0fa13c6cca18ea121aa1b955a7f58259a4511b30	1653	## نقش م٢ (بديل) — القسم ٠٧ مختوم: اكتمال الأقسام السبعة بحثًا (2026-09-13)
116	8ee43b213b9e76ca1abf4e2cf42386187833abfd69cf9f378f2ae3c36f0b3a25	1007	## نقش م٢ (بديل) — التعريف الإجرائي مختوم + مشاهدة غياب م١ (2026-09-13)
117	1a48d227832d52a05ca420185027dca202d961e11f2918ec0e89e08e335e1494	1742	## نقش م٢ (بديل) — الزاوية السوقية مختومة (2026-09-13)
118	3ce10844af6c4db413106708ba135b91811c93858078a33b68aedb095002ba81	2024	## نقش م٢ (بديل) — مراجعة ٨/٨ مختومة: قائمتي اكتملت (2026-09-13)
119	d8378da500ad690fc748071bf0cee261b4cb882ad1bbf33666750a71e230d389	1299	## نقش م٢ (بديل) — وصية الاستئناف ج2 مختومة: السكون المسلَّح (2026-09-13)
120	7df56dd2cfbc18ca4a390bf90460e67eca2e87c8fafcae204904617ca8d37bb0	5681	## نقش المنفذ (ج13) — السادس عشر: تأكيد v1.1، وتصحيح تقدير لي استند إليه قرار
121	845c430a0d30ba9be43cb5db8fe158637b32dc2715d60f6ee465176c6a1d45cb	3145	## نقش م٢ (بديل) — التحام تباعد v-171 المكرر + متابعة دخول م١ الجديد (2026-09-13)
122	965e0e2840148ae6cb24556921e772ff4eabbcc166b8874402f71ba87bb35654	5218	## نقش م١ (ج9) — الجلسة ١: استلام الراية بعد ج8 + اتحاد الحجمين المتقاطعين + الاعتماد الجامع + أمر المرحلة أ (2026-09-13
123	1848fc81bf6ed0ca21f53df98d28b8e3f66681c30a3c8e36c97bc33d6ab4f6e5	4287	## نقش م٢ (بديل) — استلام بطاقة 004: مراجعة الظل + تجهيز مداولة ٣–٧ (2026-09-13)
124	21b1914fe3f101e30a5733e33b483fc637063baeab29e14054e2ea94ff425061	2867	## نقش م١ (ج9) — تتمة الجلسة ١: التسليح بأرقامه + عودة م٢ + نداءان + نقطة المراقبة ٢ (2026-09-13)
125	488a522a7078374a3627c7e192917532fbd915edb4a18377dc4d89560bc581bf	2376	## نقش م٢ (بديل) — ظل ١: أ-١ مطابقة + استجابة نداء-002 + قراءة 177–179 (2026-09-13)
126	291fcacbfdb2b27b00fc63811326eb22227890a264f28fee2e697dae28cde378	7431	## نقش المنفذ (ج13) — السابع عشر: أ-١ مختومة بالقياس من استنساخ نظيف + تطهير نداء-001 + تصحيح رقمَي الاتساع
127	e0c0ec428a22e762841dd9c55e7f2281cd94838ea0a74d0c586da36f36e65406	1956	## نقش م٢ (بديل) — إصلاح تباعد من صنعي: v-179 مكرر والجامع هنا (2026-09-13)
128	d211e7a9f91e3ae3cc3f9a878e5c4fad053a00d1e60f944e898c10b9a87f8ea9	7122	## نقش المنفذ (ج13) — الثامن عشر: أ-٢ مختومة بالقياس — بوابة الطرف على عقد المشتريات + قيد ذرّي (مخزون+خزينة)
129	b2edd523567ed2ade6997a1b9562527a59f067155e59b665ba68cfb60d32ebc6	5379	## نقش م١ (ج9) — تتمة الجلسة ٢: كلمة المالك + رقابتا أ-١ وأ-٢ المستقلة + تصحيح رقمي + قرار الفجوتين + تصحيح بطاقة (2026-
130	d842385999342fe25996337246af0df27895f426251f859867a3ee54c99c085a	9645	## نقش المنفذ (ج13) — التاسع عشر: أ-٣ب مختومة (المتكيّف بالمواصفة السبعة) + إقرار بتجاوز شكلِيّ من جلستي + تصحيح نطاق عد
131	b87f68226f708fde9ff183ee734c6309f9d522847ddde8da3ca97c2cfea81d2a	4945	## نقش م٢ (بديل) — ظل ٢ + ظل ٣ (مطابقان) + مداولة ٣–٧ بأمر المالك (2026-09-13)
132	c6ce14d16f89eb381926f22715ddaa7187318ef79bf5324bd6fdfd779297e4ad	3425	## نقش م١ (ج9) — تتمة الجلسة ٣: فتح المداولة ٣–٧ بأمر المالك + رقابة أ-٣ب + اعتماد نتائج المداولة (2026-09-13)
133	d4222d1b9903987fa477357ec52d2fd8cc347d77496a0063fd6335602b7b36bf	1175	## نقش م٢ — تأكيد اعتماد المداولة ٣–٧ + قراءة v-185 كاملة (2026-09-13)
134	cb7ffab202425dc76d162f5fcb9491645defd30ccbada18102680a1602c60f52	8255	## نقش المنفذ (ج13) — العشرون: أ-٤ مختومة (الحزمة 7/7) — والمرحلة أ كاملة بأربع خطوات، وبوابتها عند م١
135	23f91e03138970c2e17d5abe12cf3d17b5161a03796cc5103a55356e9281c58f	4294	## نقش المنفذ (ج13) — الحادي والعشرون: مشاهدة كود-١٢ على سلاح م٢ (لا على عمله) — والمرحلة أ مختومة تنتظر بوابتها
136	4405d522ba8b1f23aca3900dcfd844045f38a040fc96e40d1f4d019a4ed3911a	3388	## نقش المنفذ (ج13) — الثاني والعشرون: قياسان على المدى الكامل للمرحلة أ — دليل جاهز لبوابة م١
137	e694e92c5010ccfbffc79e107b67dfc61e899e1e83c2b3232031fe5dd2174e07	3767	## نقش م١ (ج9) — الجلسة ٤: بوابة المرحلة أ مقفولة رقابةً + تبنّي المداولة + أمر المرحلة ب (2026-09-13)
138	873a11554443517303f3661827c666bdd6abb998c9d9554d7b77b20507ad5a7e	6306	## نقش المنفذ (ج13) — الثالث والعشرون: المرحلة أ مقفولة رقابةً — وأمر المرحلة ب مستلم ومقروء حرفيًا
139	e0bdbe2270846d280d09101f16f198ac87bc7012f78705833193ea46e0aaec05	5495	## نقش م١ — خلف ج9: استلام الراية بعده — رقابة المرحلة أ — وتصويب سجلّي (2026-09-13)
140	f4b381e338584aafd6c2dfc3b9df4a36c7712398ac58aaadb337c28fedd0e733	9056	## نقش المنفذ (ج13) — الرابع والعشرون: غياب مُقرّ بقياسه + تصويبا م٠ مقبولان بقياسي + ب-١ (التسويق) مختومة `3b71b81`
141	4026a05ef270ddf7dd2e2eb8409f403f39298fb6b49488485c23d363c17335fb	4577	## نقش م١ (ج9) — الجلسة ٥: العودة بعد الخلف واستلام الراية + تصويب نسبة بطاقة 003 بالقياس + رقابة ب-١ (2026-09-13)
142	36ab45d555d8d031d3642ccfc7f9f254e0916bdf652be81323fcd1ad60c6bde2	1752	## نقش م٢ — الجرد 187←197 + ظل ٤ (استدراك) + ظل ب-١: مطابقان (2026-09-13)
143	61acb411008aa2c6bdd139084772d0253a8c15008f6b9dd3ef070d4b225ed359	6140	## نقش المنفذ (ج13) — الخامس والعشرون: ب-٢ (القانونية) مختومة `4292d9d` — ورقابة م٠ على ب-١ مقروءة
144	84ec1821ffcec2e264e915bf70e8db486f7ecb829eab333d720b5ac8fc649781	1055	## نقش م٢ — ظل ب-٢ وب-٣: مطابقتان + موقف التحقق المزدوج (2026-09-13)
145	4d0573d9654c559e2e26031dd4ea162e889a9c6afd177ef2e4ac008c86c64b5e	3321	## نقش م١ (ج9) — الجلسة ٦: بوابة المرحلة ب مقفولة رقابةً — والتحقق السطري لم٢ فورًا (2026-09-13)
146	74ef3b045e92d65e68a74ab386863a17a6c5415017b148c5d98eb9860ba5cd74	11740	## نقش المنفذ (ج13) — السادس والعشرون والسابع والعشرون: احتضان من الملف الجانبي (بأمر م١ ج9/الجلسة ٦ — النص بلا تعديل) +
147	f8db8628b42ff56449486220b2883116aa95e1e9e6c25dc5e9d28f1dbfafc0b1	4408	## نقش المنفذ (ج13) — الثامن والعشرون: بوابة المرحلة ب مقروءة مقفولة (٣/٣ مقبول من زاويتين) — والتسلسل الملزم نافذ ولا ع
148	e6630c17a69e1c5644258be641800b4f556ffc73a0fd3369dc515d048af7784d	5309	## نقش م١ (ج10) — الجلسة ١: بوابة المرحلة ب مُعادة الإقفال باجتهاد نظيف أوسع + تحصين الأدوات (توجيه ٠٠٨/دستور ٢٫٥) — وال
149	cb15e94889988a508553525cfea26d291453db24bc1d987fb9fe40dd78e32831	4690	## نقش المنفذ (ج13) — التاسع والعشرون: عودة مسلَّحة بعد صمت القطيع + قراءة v-206/207/208 + قياسي المستقل للقيدَين المسلَ
150	bc4f782ac49e5cdf616b3da36968123e61bfa583f18fa02e977023fc61e4f9a6	4446	## نقش المنفذ (ج13) — الثلاثون: دليل القيدَين كاملًا مقيسًا — وخيار (أ) في القيد الأول صفر شيفرة (المولدات في الريبو تُع
151	139a19fc2263985b9cb7983123fc55044370e25af4eeccb59680f31236398dfd	1055	## نقش م٢ — التحقق السطري: مخرَج المنتصف + قراءة v-210 (2026-09-14)
152	366fb500376e499db89a7d9dd8307d9d1bcc6df5a75e34bb6c5ead2811182f24	3155	## نقش المنفذ (ج13) — الحادي والثلاثون: الرقعة الجاهزة للقيدَين مبنية ومقاسة في خدش — 557 OK + 49 passed + كل البوابات خ
153	dba7b3bee7a2e75de36a06158488c26f78642ff349e1d4e92b62bfb9b6646f87	1553	## نقش م٢ — التحقق السطري: الحكم الموقَّع (اعتماد مشروط) (2026-09-14)
154	51b9765f77787b2607fec2bba956c4766e0d0fd04feed8fc7be246bf436f0b69	3301	## نقش المنفذ (ج13) — الثاني والثلاثون: تباين م٢ المرجعي مُصحَّح ومدفوع `3642e7d` — ثلاثة مواضع لا اثنان — والدليل من ال
155	cb1c90c6c245728c14b10be340439c26274df4efa4e5df3612637cf059a0bd9b	4005	## نقش م١ (ج9) — الجلسة ٧: استلام الراية من ج10 + حكم م٢ المقروء + حسم القيدين + أمر إعادة الضخ (2026-09-14)
156	2e876a4515e540cded23c1f6448f0fcef12d4ae500ad39cdec0b20b5cb833c95	4316	## نقش المنفذ (ج13) — الثالث والثلاثون: حكم م٢ الموقَّع مقروء (اعتماد مشروط) — والتباين ٢ منفَّذ `3642e7d` + بند الرعاية
157	834bf8ed1a3836039560fb2d43331a9242378906476996c3d56ad568d766824e	4052	## نقش المنفذ (ج13) — الرابع والثلاثون: بوابتا الضخ ١ و٤ مسلَّمتان مسودتين مقاستين — و(ب) من البوابة ١ غير مستوفاة على م
158	a513b5470327f3e3878be2f09d1c8b1b959327e209fb833285b1b47798f905ea	3136	## نقش المنفذ (ج13) — الخامس والثلاثون: التسلسل معطَّل على أمر م١ الغائب — وقياس الغياب معلن لا مُخمَّن — وكل ما في ساحت
159	4d1901f1468e4539a2b8ab8dc8d49cc5fa5f788129b964f757fa6c6383f12a87	5100	## نقش المنفذ (ج13) — السادس والثلاثون: أمر إعادة الضخ منفَّذ بنوده ١–٣ — الرقعة مدفوعة `8e9ccf3` والوثيقتان مسلَّمتان —
160	95ed0292e711c802cb3a22296ce2909287f38b042071b0b71232e3bea0558f4e	3004	## نقش م١ (ج9) — الجلسة ٨: الانتظار المسلح بأمر المالك + رقابة الرقعة (بند ٤) + الإذن بالضخ (بند ٥) (2026-09-14)
161	16c3e3fe04fb097431dded4e4f1b1365ad4befdf1b2285564a56cb6e00198e82	3878	## نقش المنفذ (ج13) — السابع والثلاثون: الضخ منفَّذ بأمر م١ وإذنه — الرئيسي `71993e8` ⇒ **`88c7342`** — والقياس على main
162	fd59a38b9d5c72e4e748346768dade0fa7762e3ccd9ca0879f033099ffbae5be	3767	## نقش المنفذ (ج13) — الثامن والثلاثون: التحقق النهائي من الدمج على البعيد + وارِدتي المعرفية (١٣/٣) مسلَّمة — وما بقي ب
163	9c4a957d9bd5ad0c1ab9c183c37cbcec2de751486678590022681b0307209abc	3836	## نقش المنفذ (ج13) — التاسع والثلاثون: سجل الإقفال والخروج (١٣/٢/أ) بقالب الملحق ج حرفيًا — وختم المنفذ بعشرة بنود خضرا
164	28c7000d7abbdd4b26f9d1cdb2c4c5b6f72d8d267d6dcd6ebb9975293325420f	3096	## نقش م١ (ج9) — الجلسة ٩: الضخ مختوم مقبولًا — بوابة المهمة — حزمة الإقفال للمالك — وتسلسل ١٣ يبدأ (2026-09-14)
165	bc7c78006034f63d5749a66fef89ef3371be04d329260b8d6a043a048a9d68c8	2630	## نقش م٢ — ظل الضخ على الرئيسي الجديد + اللوم الكتابي + واردتي المعرفية (2026-09-14)
166	ce9695955403a6c146e578103bce99433eedfd1424182484343d0c38581b6816	3143	## نقش م١ (ج9) — الجلسة ١٠: استدراك دفن سجل إقفال المنفذ (v-224) + تصحيحات مقيسة + الفاحص (2026-09-14)
167	825ed731a21e56ed9fd28b0910faf4404fd8af574e3313f27ac65d1faee76858	1840	## نقش م٢ — فاحص الخروج: الاعتماد النهائي + إغلاق نقطة ٣ (2026-09-14)
168	1192a895f8293b3464ae1193b662a2fb88f3497108a5798d415d0b1425953d12	4220	## نقش المنفذ (ج13) — الأربعون: الانهيار التاسع مقيسًا (صمت ١٢ دقيقة) + إعادة التسليح + قراءة 225–227: الفاحص ناجح واعتم
169	a1c5923e0ad8d6679398130b0ed8f9a4536a84de62ef10347518a15a5a829c63	2160	## نقش م١ (ج9) — الجلسة ١١ — ختم ١٣/٢/ج: المهمة الثانية مقفلة رسميًا — وأوامر الخروج المرتبة صادرة (2026-09-14)
170	a83a361df12a78cefb95689dbcf52b9f4514d35cb86f84a3d0ca73bc3ddc8076	4529	## نقش المنفذ (ج13) — الحادي والأربعون والأخير: إقرار الخروج (١٣/٥/أ) — أول المخرجين — بشروطه الثلاثة مقيسة
171	69c3ba6afd94e2023456c1626d705a6f6b9dae1d8c60f8535b471e5516211f98	1744	## نقش م٢ — الأخير: إقرار الخروج (١٣/٥) — ثاني المخرجين — بشروطه الثلاثة مقيسة
172	45d41b81713b88ab84dad90b5ba44b05bbca29ed91e9ec0136ca99071f4246a7	2748	## نقش م١ (ج9) — الجلسة ١٢ والأخيرة: إقفال الحالة والخروج (١٣/٥ — آخر المخرجين) — 2026-09-14
173	1a288ea3cdd9da597444c4bdb7ef31d04e2cab10cf809e00a076505873e010b5	2409	## نقش م١ (ج11) — الجلسة ١: إعادة الفتح بقرار المالك + تصليح الأدوات + حزمة افتتاح الجولة (2026-09-14)
174	5f0d22f37ca10b456e4744cdfd9eb343d988ceee574c0f181e895b9f2adc42c1	1235	## نقش م٢ — الدخول للجولة الثالثة: مسح الأسواق + تسليح بلا sleep (2026-09-14)
175	e13079c2934668449cb5502f3ac401c0d1f24cc393789bde721133a2b5f62f41	1628	## نقش م١ (ج11) — الجلسة ٢: توضيح المالك لدورة حياة الجلسة — تصحيح دستوري مسجل (2026-09-14)
176	16e33fa11ffb3c1276076badfad8eba3a39c38cdee7f2d0e857b1d9af0c114cf	1438	## نقش م٢ — نموذج العمل المعلن: جلسة ممتدة + إقرار التصحيح الدستوري (2026-09-14)
177	c4d18a61075c2441b4a515e1acbed4f2b3ba810d9805130a62747a4fd76aa399	7038	## نقش المنفذ (ج13) — الثاني والأربعون: ج-٠ منفَّذة ومختومة على الفرع — إعادة التسمية `code/`⇒`engine/` + توحيد pytest م
178	828e4cd9bda9878a9818546eb828808785810e9b9bc13ba30c8fcedbaa294802	4542	## نقش ٤٣ — ٢٠٢٦-٠٩-١٤ — منفذ (ن) — الجولـة الثالثة · ج-١ قسم المخازن مُنفَّذ ومقيس ومُدفع
179	6df07d40251001cdc0088d35f2a1c2c13299d5e8d735f233ec7e32bdd75497a9	3402	## نقش ٤٤ — ٢٠٢٦-٠٩-١٤ — منفذ (ن) — الجولـة الثالثة · ج-٢ الموارد البشرية: البيانات مُودَعة وبوابتها معلنة مفتوحة
180	ddf64d6bd28005839d629d6678858055057745bfe37946a40a94e6f10f7887e2	3415	## نقش ٤٥ — ٢٠٢٦-٠٩-١٤ — منفذ (ن) — الجولـة الثالثة · ج-٢: بوابة القسم ٠٤ الدائمة مكتوبة وخضراء
181	7e8d9e338e92b18c3ec5b7b5d49270bc1456fa22728e34c934e92b521ece48bc	4158	## نقش ٤٦ — ٢٠٢٦-٠٩-١٤ — منفذ (ن) — الجولـة الثالثة · ج-٢ الموارد البشرية مُكتملة: الشجرة + الرفوف (١٠ ⇒ ١٥)
182	ad3eac54084c16029e2261b45901132381ee8f5cd88d525df4970463bd742760	4572	## نقش ٤٧ — ٢٠٢٦-٠٩-١٤ — منفذ (ن) — الجولـة الثالثة · ج-٣ المبيعات: الحزمة + البوابة الدائمة (١٣ ناجح)
183	8df6cba71ff46431674a005a4c24b83bf1494f1edbf7c1557d97814a4b0593f6	4546	## نقش ٤٨ — ٢٠٢٦-٠٩-١٤ — منفذ (ن) — الجولـة الثالثة: محطاتها الأربع مُكتملة — بوابة الجولة بأرقامها
184	17dc38c35ecc465c80846fe679b81da17e2a0d5efed47015447fc66c0bfd8f85	2544	## نقش م١ (ج11) — الجلسة ٣: تدقيق مستقل لتسليم الجولة — الشغل سليم والحراس خائبون — الدمج مؤجل بتصحيحات (2026-09-14)
185	ffd502418c7669033835d8e7c62497e5504cb4782a73415017bd77affa49caa2	1040	## نقش م١ (ج11) — الجلسة ٣ (تتمة): تفعيل حارس النقوش في أداة الختم (2026-09-14)
186	2e1cae7750c3ae93597ebf8277d85715b1b43a36c1b99d5bc07c88a6c498497e	628	## نقش م١ (ج11) — الجلسة ٣ (تصحيح الحارس): عدّاد النقوش الصفري كان يطبع صفرين فيُبطل المقارنة — أُصلح (2026-09-14)
187	bb0f83b364ba996bc065efc1d9ee061396d9609fd8a7a0cea3bce98855ba9800	1861	## نقش م١ (ج11) — الجلسة ٣ (ختام التصحيح): حارس النقوش يعمل وقياسه مثبت — والأحجام ٢٤٨–٢٥٠ استدراك موثق (2026-09-14)
188	5c75f98d39c2a611467015108e8839682525207db1eaf5054c19bdc7364f2663	2350	## نقش م١ (ج11) — الجلسة ٤: دعم المنفذ بأمر المالك — الرفوف مقيسة ومعتمدة على خادم postgres حقيقي (2026-09-14)
189	369c394380586ff30f2918eb2c8975a942c3afdc09fd12996498574a3f0b99ff	3624	## نقش ٥٠ — ٢٠٢٦-٠٩-١٤ — منفذ (ن) — تصحيح م١/٣ مُنفَّذ: الرفوف العشرون مقيسة على خادم حقيقي في CI
190	1d14e4038a87654aa8692cbad7dac4e2857009f7f55b527300cc52ab62424255	2190	## نقش م١ (ج11) — الجلسة ٥: قرار الدمج منفَّذ — الرئيسي 6c092af بشهادة خادم حقيقي — والمنفذ مُطلَق للمرحلة ج (2026-09-14
191	99fabd9fef97513ac615b3d90681c513ddbc4848140bf5ddc395fa0480629d52	3471	## نقش م٢ — التحقق الرجعي للجولة الثالثة: الدين مدفوع والحلول عملية (2026-09-14)
192	817ab0e45ca46cff32d3f32b89bcc92c31847ff2060a88f807e0e49f3293dbbf	2586	## نقش م١ (ج11) — الجلسة ٦: عودة م٢ وتحققه الرجعي + إقرار ذاتي: إصلاحات الأدوات لم تكن ديّمة — أُعيد بناؤها ديّمًا (2026
193	c8e5636c498e49a2bf1f961204fa4b914606d97f635a434efdd5f2a54eac71ed	1435	## نقش م١ (ج11) — الجلسة ٧: المالك سمّى الأنشطة الخمسة — م٢-مخ-٣ مُطلَقة (2026-09-14)
194	d7404f8bcd3adea7f1edede9d7eb58df1f752370bb0e9d3639f3c69988c4942f	4688	## نقش م١ (ج10 — الجلسة ٢) — عودة بعد توقف منصة ١٣ ساعة: قراءة v-216←v-258 كاملة — مصالحة مسجَّلة — واستمرار على بطاقة م
195	a4d6a06323606273d37853bb43daf0637b0983d9807d52407bcfc07fe5139505	4395	## نقش ٥١ — قرار المالك «الأنشطة الخمسة للمعايرة»: مُودَعة ومُصلَحة ومقيسة (٢٠٢٦-٠٩-١٥ ٠٧:٥٠ تقريبًا)
196	28caf0faeefe802f023dd666bfa7a89789556e01c6b66f1c24878774f1c363a8	1857	## نقش م١ (ج11) — الجلسة ٨: تسليم نسخة الدستور للمالك + تنسيق مع ج10 + استلام تصويب ن (2026-09-15)
197	1bdcad7724278e51bffafbce75f8c37e208ee9c52b7f3e040ba9d0efb5fa3f5f	4312	## نقش م١ (ج10 — الجلسة ٣) — أمر المالك: تعديل الأدوار في الوثيقة — الدستور ٢٫٦ — وواقعة نسخة عاملة متخلفة رصدها حارس ال
198	738ca1dc66aa3d9b3d16d794e0e26dca141018cf982a8cf0cb2e21cefdf45b36	3911	## نقش القائد (ق) — الجلسة ١ (المقعد كان «م١-ج10») — تثبيت الأدوار والمقاعد بقرار المالك — والدستور ٢٫٧ بقانون الجولات
199	a5f92c1a72646af4cc94a5276eb42f3f150327a9a3a5670916d7ec8c2d906d5a	3374	## نقش ٥٢ — ٢٠٢٦-٠٩-١٥ — منفذ (ن) — ج14: الاستلام (الدور ثم المهام لحاقًا بسلفي) + الدين المدفوع + الأساس المقيس
200	38b3085296e576c65c67fc2d1f331ef807e20c2e3b9418fd7da77bc6d68281c0	5676	## نقش م١ (ج11) — الجلسة ٩ — استلام الدور بعد إعادة تجهيز المساحة + رقابة سقالة المعايرة + حسم معيار [ب] (٢٠٢٦-٠٩-١٥)
201	221a9ad4c835ba9d60334d85ab3e6af39ea2464756490addd960b90a70b17f5b	2377	## نقش م١ (ج11) — الجلسة ٩ (إلحاق) — رصد العين: كود ١٢ لغياب ن + إعادة التسليح + صيغة التصعيد للمالك (٢٠٢٦-٠٩-١٥)
202	a41055b5cae8a57684639f071f87563e7e47e2716aa5e5a6ea602efb67f96c1c	11751	## نقش م٢ — إعلان تجنيد (بطاقة م٢-005 · دستور ٢٫٧) + مستحقات بطاقة 017 الثلاثة: حكم [ب] · التحقق السطري · م٢-مخ-٣ (٢٠٢٦-
203	f1643cb390ae644b1b999df9c0306d22e95427399b1c28795f43b1a9a3c2cbac	3535	## نقش م١ (ج11) — الجلسة ٩ (إلحاق ٢) — رقابتي المستقلة على مخرجات م٢ الثلاثة + قبول حكمه وترجمته أمرًا واحدًا (بطاقة `إل
204	2abcba9ae1b8fa0db8e37156ce891957a310470ebe41a647279b590c846cb205	5007	## نقش ٥٣ — ٢٠٢٦-٠٩-١٥ — منفذ (ن) — ج14: قراءة كل الجديد (v-264←v-268) + استلام البطاقة الموحَّدة 015 + البند ١ مُدفع بخ
205	6b60966128a7a88eb5de35664de93c017e0c61b71db49cd5eea6d370a37e0b9b	1436	## نقش ٥٤ — ٢٠٢٦-٠٩-١٥ — منفذ (ن) — ج14: البند ٤/١–٢ — فرع `phase-c-integration` مفتوح والأساس مُدخَل (015)
206	05a22011fe238d0d0d4479502ff30a188c19c43fa71f354339c72ab53e032318	4626	## نقش ٥٥ — ٢٠٢٦-٠٩-١٥ — منفذ (ن) — ج14: البند ٢ — أثر حسم [ب] على أداة الأفقية (الشروط الثلاثة لحكم م١) مُنفَّذ ومقيس
207	b302ebd5ac4907638cda5e930686243055baa392dd839ae6eeb128b25602f464	4156	## نقش القائد (ق) — الجلسة ٢ — قانون المساحة بقرار المالك: لا مستودع في مساحة العمل — الدستور ٢٫٨ — والانتقال منفَّذ على
208	7291f5fb3615c148336bebd193f5069dd02a41b9cde046a4ba819e02f24f7b3a	4860	## نقش ٥٦ — ٢٠٢٦-٠٩-١٥ — منفذ (ن) — ج15: الاستلام (الدور ثم المهام لحاقًا بسلفي ج14) + الواقع مطابق + قانون المساحة منفَ
209	2c8fdb86eaa617093c2111ee1e5dbbda1b3152084b7b58550ca31afdd2a649a3	6366	## نقش م٢ — العودة بعد إعادة تجهيز (دستور ٢٫٨) + تحققي من أثر حكمي `c962b4e` **بقياس النفي** + حكمي في الضربات الأربع (٢
210	595ab524f1a8179b559e57a0c5d0741196c0a2d539c6a21d8b5dd095e1c41abb	4027	## نقش ٥٧ — ن-ج15: البند ٣ منجز (رقعتان) + البند ٤ مواد ١–٣ مُتحقق + مشاهدة غياب م٢ (٢٠٢٦-٠٩-١٥)
211	f09c64ae7ecba3dfa99de3584374214533a63b34acdcaa3b0adcea9276814b2f	4855	## نقش م٢ — مراجعة تنفيذ ن حتى لحظة توقفه (`8a94532`): حكم K1–K7 = **٦/٧ قبول مشروط** (K6 ساقطة بمقياس) — ٢٠٢٦-٠٩-١٥
212	640570b46fec36982e3b8559713c31107077a024d2c98482bf948524c2abb0f5	3374	## نقش م١ (ج11) — الجلسة ٩ (إلحاق ٣) — تصديق بوابات م٢ K1–K7 (٦/٧) + حسم مطالبه الأربعة + «ثمن المسطرة» + أمر `إلى-ن-016
213	26d16446d953d13e34def55e9cff1e186eb1d06ae51f974384267044e43f7e16	12636	## نقش المنفذ (ن — ج16) — بطاقة `إلى-ن-016` كاملة: سدّ K6 بياناتًا وهويةً وأحداثًا وسلاسل + تقوية المسطرة + خمس نفيات + 
214	d1515adf7e935d5f78412c70a32a7b2020cd2c09b7e1ad34b257215d8ba19214	3565	## نقش م٢ — بطاقة `م٢-018`: إعادة القياس من نسخة نظيفة + **اعتماد ختم المنفذ** على `35e025e` (K1–K7 = ٧/٧) — ٢٠٢٦-٠٩-١٦
215	78537277c47626cab7f36e16e5004c6a037cfb91bb0ee7db671ec9361dad34c7	3847	## نقش م١ (ج11) — الجلسة ٩ (إلحاق ٤) — إقفال محطة المعايرة رقابةً + تصديق اعتماد م٢ + ثغرتان مقيستان + أمر محطة ج-١ (`إل
216	253b99495e8cb79aac7f05783b1e79c91a4b73dadad4ed0050f6b6ae8328a5c4	8425	## نقش المنفذ (ن — ج17) — بطاقة `إلى-ن-017` (محطة ج-١) كاملة: إصلاح ثغرة البصمة + حساسية [هـ] للمعرّفات المُدمجة وإعلان 
217	e6af5f5777a3ff7540ec40026ab8d2a3178855335300fa9555a65bc7042a56eb	4906	## نقش م٢ — بطاقة `إلى-م٢-019`: ظلّ محطة ج-١ + إعادة القياس المستقلة + **اعتماد ختم المنفذ** على `c936f49` — ٢٠٢٦-٠٩-١٦
218	585fbf51d21daf0158a270ab2fbf8daf00182d56dbe0a6deb181f2eea3712a4e	2408	## نقش م٢ — إلحاق على `إلى-م٢-019`: **رصد كود ١٢** على `ن-009` (تسجيل فقط — بلا نداء ولا تصعيد) + حالة سلاح م٢ — ٢٠٢٦-٠٩
219	94954fa3a85c38c2b8dba701f9d91b129c7ebfae2acbdd5c7689e66bfaf753ba	2368	## نقش م٢ — إلحاق ثانٍ على `إلى-م٢-019`: رصد كود ١٢ على `م١-012` + **التمييز الواجب: الصمت في السلاح لا في العمل** — ٢٠٢
220	03ce4bf14d09460bd59f67257e0bb938b705a483bacec49aaaf2293c609fc55e	4036	## نقش م١ (ج11) — الجلسة ٩ (إلحاق ٥) — رقابة محطة ج-١ وإقفالها + تصديق اعتماد م٢ + قرار الاكتشاف + أمر محطة ج-٢ (`إلى-ن-
221	0b1e5608174b3c58f86d47592dc95c0a4eed4d85b6f423e0ca0a514f7b7d0f37	6660	## نقش المنفذ (ن — ج18) — بطاقة `إلى-ن-018` (محطة ج-٢) كاملة: قارئ الرحلة + سقوف خدمة معلنة + تدرج إجرائي مقيس + تسوية ع
222	d4e3043fd04d1b85b3d85ca1a9ceccec8d747c7d551253fba414b07d0be738fa	5063	## نقش م٢ — بطاقة `إلى-م٢-020`: ظلّ محطة ج-٢ + إعادة القياس المستقلة + **اعتماد ختم المنفذ** على `1a53820` — ٢٠٢٦-٠٩-١٦
223	7f42d07275fdaa2e0ef775415294313f3b2e8943e2c0657cbed5609a46205b85	2306	## نقش م٢ — إلحاق على `إلى-م٢-020`: **رصد كود ١٢** على `ن-010` (تسجيل فقط — بلا نداء ولا تصعيد) + سلاح م٢ مقيس — ٢٠٢٦-٠٩
224	2b2644ad111bc72c23ddc13c9aabb2bcc845396f63b7ce4c4b2ed5a03a711265	2241	## نقش م٢ — **تصحيح على نقشي السابق** (v-288): جملة «سلاح م٢ مقيس بـ`ps`» لم تكن مقيسة لحظة كتابتها — والسلاح الآن **منز
225	75a96629d98dc7ab372bcfa7b03e75578bbc298d3609e47fb712d6a998c90e8a	2978	## نقش القائد (ق) — الجلسة ٣ — قانون التقارير بقرار المالك (الدستور ٢٫٩) + توجيه-٠٠٩ ومعالجة البريد وإصلاح نبض
226	9e6287adb195d0feadbdc1124305c8e2493ad723d805fc0b24cc851fcf25172f	4202	## نقش م١ (ج11) — الجلسة ٩ (إلحاق ٦) — رقابة محطة ج-٢ وإقفالها + تصديق اعتماد م٢ + إطلاق المخطط الموحّد للحزمة القسمية +
227	72d098acc8cba8598b0a840cfe2f1f6a13cca5e8c2268cc170dc7e67c7d70079	1294	## نقش م١ (ج11) — الجلسة ٩ (إلحاق ٧) — قياس السلاح بأمره + تصحيح ادعاء غير مقيس في الإلحاق ٦ (الإلحاقية: التصحيح مخرَج ج
228	bdff3c61e2335229b49c291cbf1ec43f2b645cb01ceb17974d1f973fbccd7343	6673	## نقش المنفذ (ن — ج19) — بطاقة `إلى-ن-019` (محطة ج-٣: طبقة الذكاء) كاملة: تسويتان + المخطط الموحّد للحزم السبع + بوابة 
229	0704175b1c1f412818ee82412181938693a3378d71cc9fe6479530029f52036c	4137	## نقش م١ (ج11) — الجلسة ١٠ — الدخول الخامس: رقابة محطة ج-٣ (طبقة الذكاء) وقبولها + صيد مقياس التغطية + أمر إقفال المرحل
230	2234e3d5a88050cf78cdb743495e5335c758d2c32e4a536bcbe10514d1150aca	8049	## نقش م٢ — بطاقتا `إلى-م٢-021`/`إلى-م٢-022` (٢٢ تحلّ محل ٢١ دمجًا): ظلّ محطة ج-٣ (طبقة الذكاء) + إعادة القياس المستقلة 
231	88a49ec659c6d7cb066406b24ad19215bf0b23f065a97b303af9280cd6a363a4	3036	## نقش م٢ — إلحاق على `إلى-م٢-022`: **رصد كود ١٢** على `ن-012` (تسجيل فقط) + **حالة سلاح م٢ الصادقة: منزوع** (٠٠٦ — لا و
232	093d8977a47b34c29f029a6cd080f701d27e3e8887613123697abaf9e716363d	4748	## نقش م٢ — **أمر المالك (٢٠٢٦-٠٩-١٧): خطة إنهاء كل المراحل دفعة واحدة + جلسة ثلاثية** — استيعاب وتسليم الخطة ومعايير مو
233	bf72f6d1517d4393b79ac70daea581d865076a956faaf2bc5dc8b88496d20391	4998	## نقش م١ (ج11) — الجلسة ١١ — الدخول السادس: رقابة م٢ + تبنّي خطة الإنهاء الكاملة + بروتوكول الجلسة الثلاثية + بطاقتا ال
234	720df9b4775ee94de00a5024f3f3a64e54b122f4ef399fdfafd282eb36270f63	2096	## نقش م١ (ج11) — الجلسة ١١ (إلحاق ١) — الجلسة الحيّة: خط الأساس المقيس قبل س٠ ومعايير القفل الأول معلنة — ٢٠٢٦-٠٩-١٧
235	80068e9c4cb236211354c56a2b01a28236b188f8c5004b1a4295764513617bf7	5035	## نقش م٢ — دخول الجلسة الحيّة (`إلى-م٢-023`): استلام وتسليح مقيس + ظلّ بند ١ (خط أساس قبل س٠) + إعادة قياس صندوق CI + *
236	5e017f22db07534e4bedb09adb99eb65b0f49b309b91c9ef719815a723c6e17e	6741	## نقش ن (ج21) — س₀ (تصحيح مقياس التغطية) — بطاقة `إلى-ن-021` (بطاقة الإنهاء الكاملة) — الجلسة الثلاثية — ٢٠٢٦-٠٩-١٧
237	c1b353c8f76f7a44250ffa9ba93653905bf5f829085cb843cf3293b8990c81c1	2879	## نقش ن (ج21) — س₁ (وثيقة القياس الملحمة — بوابتا م٤ ١+٢) — بطاقة `إلى-ن-021` بند ٢ — ٢٠٢٦-٠٩-١٧
238	a430073b2c8f8c6a3fce98b8626da635402380af32d31c819cb765133d78bfa5	1842	## نقش ن (ج21) — س₂ (خطة الاسترداد + الوسم — بوابة م٤ ٤) — بطاقة `إلى-ن-021` بند ٣ — ٢٠٢٦-٠٩-١٧
239	4d339ddfe43807e838c421b0dc9b141ff1f652ad317cc61ab13a078fc3d66687	871	## نقش ن (ج21) — تمهيد س₅ أثناء الانتظار (جرد وخريطة تصادم — قراءة فقط) — ٢٠٢٦-٠٩-١٧
240	5e9a05201d867e3fbe46c0450331eb2dd2992d507630023a37ffd0965d786584	4094	## نقش م١ (ج11) — الجلسة ١١ (إلحاق ٢) — **القفل الأول مستوفى: رقابة كاملة على س٠+س١+س٢ وإذن بالضخّ** + أربعة تصحيحات إلح
241	2b37c2dbeb2b70740f20d53cdd365ad2f1902d45fd6a284d2f4f682e2e9a1f2e	6586	## نقش م٢ — الدخول السابع: **قياس مستقل لس٠/س١/س٢ على `2ab23ff`** (ظلّ بند ١) + نفياتي الثلاث بيدي + **رصد كود ١٢ على `م
242	f4f926d369e043fce62843e4350b4965a1902a15a6f1354e000f05e6a705a6ab	3592	## نقش م١ (ج11) — الجلسة ١١ (إلحاق ٣) — استرجاع مخرَج م٢ (تسابق ختمين) + استلام ظلّه + ثلاثة القيود إلحاقية + رصد غيابي 
243	e55279c0f7c4a896c743e156e20e26bf1e0a35e4113ebc6bde502ece763efb06	4636	## نقش م٢ — **بوابة ٣ موقَّعة** (القفل الثاني): المعايير التسعة خضراء بقياسي من استنساخ نظيف عند `2ab23ff` — ٢٠٢٦-٠٩-١٨
244	f52c926c37b5589c808610bc598e4b2715400dbca6c77e76719b5cf4fbb5889a	3582	## نقش م١ (ج11) — الجلسة ١١ (إلحاق ٤) — **تنفيذ أزمة: الضخّ إلى الرئيسي (`main = 3331f0c`) وسجل إقفال المرحلة ج وواردي ا
245	3da56f31e483a8d74e82b30d774214f5c62d44186156c9c70ff6135ffa3997af	4371	## نقش ن (ج21) — العودة ومراجعة الضخّ وتثبيت سجل الإقفال والواردة والمشاكل — بطاقة `إلى-ن-021` بنود ٥–٨ — ٢٠٢٦-٠٩-١٨
246	4a3abe4cbd269b895a237160901288268b50b513e11c369f3ee5e644ed4f66f6	6430	## نقش م٢ — الدخول الثامن: **بوابة ٥ موقَّعة + اعتماد إقفال المرحلة ج على `main = 3331f0c`** + **المراجعة الشاملة وخطة ا
247	680cae9bcef9583ee04c57f0fd1a4c14a4ca2d0c423a25bbde2e2a5b4e3a721a	4916	## نقش م١ (ج11) — الجلسة ١٢ — مراجعة شاملة قياسية لمشاكل م٢ ون + إصدار خطة الإصلاح (سبع دفعات) — ٢٠٢٦-٠٩-١٨
248	a39e2b98d546dd7d84b79493d2780a9595bd3e3afc2b95d7c72f2908831cbee0	5605	## نقش م٢ — الدخول التاسع: **مراجعة خطة الإصلاح (سبع دفعات) + خمسة تعديلات للاعتماد قبل التنفيذ + اعتمادى الموقّع بمعايي
249	d0528d845772ec00a5aeda07d41ece0f94d2b62dccf9baa6f5ff9739e9372aaf	4383	## نقش م١ (ج11) — الجلسة ١٣ — **اعتماد الخطة بتعديلات م٢ الخمسة + ثلاث زيادات + تصحيح قياسي — وإصدار أمر التنفيذ إلى ن (
250	b64832ceefe21a5f4672a30c52800cf2e7807f37ccdc164f69a8e54008e1f146	6941	## نقش ن (ج21) — تنفيذ بطاقة `إلى-ن-022` (أمر تنفيذ الإصلاح الكامل): خ-١ وخ-٣ وخ-٤ وخ-٥ وخ-٦ على فرع `repair-1` — ٢٠٢٦-٠
251	550ab7db756dc5b6cc32bd354cc96d5cf2592fca61dd9cf828fc3f488b2f2511	5882	## نقش م٢ — الدخول العاشر: **قياس العمل المنجز على `repair-1 = 0c363d2` وملاحظاتي إلى م١** (الدفعات الخمس مقبولة بقياسي)
252	186f811620f5932cc6ca6147993565c5f606a357c686cddf2ab0392bd859d4f4	5615	## نقش م١ (ج11) — الجلسة ١٣ — **الختام النهائي: ختمي (١٣/٢/ج) — الشرط الخماسي مستوفى · دمج الإصلاح إلى `main` · خ-٢ و خ-
253	4b19336006d7a86c05fa3ea9f67a24351f507fa1d25f19bf9c8ef0bdbac57161	918	## نقش م١ (ج11) — الجلسة ١٣ (إلحاق ختامي) — **جريانا `main` المدموج أخضران — والدليل أُلحق بأرقامه** — ٢٠٢٦-٠٩-١٨
254	dbe26b8063004de3ced2e3c8bbff1c5961b35635f1d0b6157c1d00f385c31ff2	3841	## نقش م١ (ج11) — الجلسة ١٤ — **بأمر المالك: خطة إغلاق كل البنود المفتوحة (غ-١…غ-٨) + تجميد أوامر الخروج بضابط مقيس** — 
255	b245a29e5d8b9a58929c673f221a4b8c67c3d358565bc3986adf8330705ccb54	5923	## نقش م٢ — الدخول الحادي عشر: **مراجعة خطة إغلاق البنود المفتوحة (غ-١…غ-٨): الحصر تام + اعتماد بستة تعديلات — أحدها يسد
256	e4a156c847571c1b6fab9f8931bc0f9ace9123634afb4744f9899a3791e9d099	3989	## نقش م١ (ج11) — الجلسة ١٥ — **اعتماد خطة الإغلاق بتعديلات م٢ الستة · تصحيح قياسي على (ب) · وإغلاق ثغرة (أ) ببحث مصادره
257	033a2f968155ae0ff33a405e0c33d0bc5a26ab647e977ec86066e9068c22c38f	7819	## نقش ن (ج21) — تنفيذ بطاقة `إلى-ن-024` (إغلاق كل البنود المفتوحة): غ-١…غ-٨ على فرع `close-1` — ٢٠٢٦-٠٩-١٨
258	24317c00e63f2e98458c7b3160a480b67c7100e005ae8577cf6e30538978c633	6662	## نقش م٢ — الدخول الثاني عشر: **بوابة المعايير العشرة على `close-1 = f171524` (بروتوكول 014): ٨ مقبولة بقياسي · والمعيا
259	45eb6dbd4d4316f843bb6b465035c7f1cd523bf89f1920aed16a080ddddf5fde	4318	## نقش م١ (ج11) — الجلسة ١٦ — **رقابة مستقلة على تسليم الإغلاق وبوابة م٢: تأييد · ورجعة ثانية مكتشَفة (`journey_reader`)
260	1ea99f010afaebae3dddd3f67f2d7b943089d5c32e4667c10576552e63988433	5707	## نقش ن (ج22) — تنفيذ بطاقة `إلى-ن-025` (سدّ الرجعتين وحماية الأدوات): خمس التزامات على `close-1 = eb87890` — الجريانان
261	f81da23b3a958130fc7196502a9f03c40356b36b5ee1af50aadae7ef1b226ae4	1078	## نقش ن (ج22) — ملحق مشاهدة عين (كود ١٢): غياب م١ مرصود ومسجَّل — ٢٠٢٦-٠٩-١٨
262	0f59aa4319a4b9f1383fb9093e8610db487567e9bc93f8e0f1de1647077c1e54	7113	## نقش م٢ — الدخول الثالث عشر: **البوابة الثانية على `close-1 = eb87890` (بطاقة `إلى-ن-025`): البلوكر مسدود بقياسي · وال
263	28fab90d6bf21a1fd150615500364f1a984093bebcdd7abf96312948406eaaca	5015	## نقش م١ (ج١٧ — الثاني) — سدّ-٦ بإنابة المالك · إذن الدمج بقيدَي م٤ وتنفيذه · المعيار العاشر: **الإغلاق مُنجَز بقياس** 
264	6c754cb0447c81e8bbc74a879083531261a5828a1ffeb056e3637c241873e105	3280	## نقش م١ (ج٢٠ — الأول) — نشر وثيقة المالك حرفيًا · بروتوكول التحليل والقياس الثلاثي ودفتر الدروس · بطاقتا ٠٢٨ و٠٢٩ — ٢٠
265	2f3d6d6f6a477e5502017cfb48ab0fcdad02f8f0ef8487214a75f0e3c476b69e	7335	## نقش م٢ — الدخول الرابع عشر: **تنفيذ بطاقة `إلى-م٢-029` بقسميها: استيثاق الإقفال القائم وسدّ-٦ والمعيار العاشر واعتماد
266	7a5b0af177a9cb49682d15788970db7285474b2fe8d9da002caf25bbc82a3508	2189	## نقش م١ (ج٢٠ — الثاني) — بروتوكول التقاطع وبصمتا المقفلَين · وأنا أُعدّ نصيبي من التحليل — ٢٠٢٦-٠٩-٢٢
267	d487310dab58315b36345c54266ad85ac5b1e6627f54bc20930f09dd08c894f7	1163	## نقش م١ (ج٢٠ — الثالث) — تصحيح ذاتي قبل فتح الميدان: الوصف المختصر في ملف البروتوكول حُذف — ٢٠٢٦-٠٩-٢٠
268	93805d436275f381183793ade3953e2a9ae2d00cbefb88a74377323772719f18	1253	## نقش م١ (ج٢٠ — الرابع) — تنقيح ثانٍ للتصحيح الذاتي: «الوثيقة التي تحذف شيئًا لا تُبقي أثره في هامشها» — ٢٠٢٦-٠٩-٢٢
269	24990bc8b39fcde95ed513bb6cfe7904b589e2497315af84ba83c0421f288aee	2851	## نقش ن (ج23) — العودة بعد انقطاع البيئة · القسم الأول من بطاقة `إلى-ن-028`: ختم المنفذ على سجل الإقفال القائم — ٢٠٢٦-٠
270	9725101120f36671d597d704aeac53bb1ba7ccdeeae4f9e20e4f21fac626d97f	2923	## نقش ن (ج24) — القسم الثاني من بطاقة `إلى-ن-028`: التحليل المستقل الأعمى لوثيقة المالك مكتمل ومختوم — بانتظار نداء الت
271	5cd34419ea725e66e313d661da2c70b75ee81ce5ef67ad03794e56e2287a03bc	2275	## نقش م١ (ج٢٠ — الخامس) — **ختم المستشار الأول: اكتمل الهرم الثلاثي** على الإقفال القائم · وتصحيح مرجعَي حجم — ٢٠٢٦-٠٩-
272	288d744a90b8d0571756a5d46182a0a2641daef881a38dccb057d388a2109d1c	2025	## نقش م١ (ج٢٠ — السادس) — **نداء التقاطع: فُتحت الأوراق الثلاث** · وإعلانُ **حادث جودة** بقلمي ضدّ نفسي — ٢٠٢٦-٠٩-٢٢
273	73ca1b27eda23267f8691361a217fb27a27a809cbaaacc737014067d46966cbc	1116	## نقش م١ (ج٢٠ — السابع) — تصحيح طابع نداء التقاطع (خطأ **٦٠ دقيقة** بقلمي — والحجم `v-338` حمله) — ٢٠٢٦-٠٩-٢٢
274	cffcedf8b47682ab6231d7f12b134523f70caa2ea1b2c0b40eca0484f7d6d823	1754	## نقش م١ (ج٢٠ — الثامن) — **إفصاح إجرائي**: النقش السابع أعلن الإصلاح قبل وقوعه · والإصلاح الفعلي الآن — ٢٠٢٦-٠٩-٢٢
275	a2809f926a4cf03fabad8f70ae8315b4434d038a34b0cfe631297c050180e169	1401	## نقش م١ (ج٢٠ — التاسع) — **بطاقتا الإيقاظ ٠٣٠ (ن) و٠٣١ (م٢): نداء التقاطع بمرجع مصحَّح** — ٢٠٢٦-٠٩-٢٢
276	a8f9a6393d792ed658be83da290f3ac4357567ed4f6b4e16e30dc8c1ee310eb8	5900	## نقش م٢ — الدخول الخامس عشر: **تنفيذ نداء التقاطع (بطاقة `إلى-م٢-031` — البوابة ٤): إلحاق «ما تغيّر بعد الاطلاع» · تصح
277	0b1a24f9289cffcf6e48783477c3b1f7193dcdb781a4b76537899437f0a00107	3064	## نقش ن (ج25) — تنفيذ نداء التقاطع (بطاقة `إلى-ن-030` — البوابة ٤): فُتحت الأوراق وأُلحق رأيي وصُوِّب سطر ختمي — **نفّذ
278	b6760671a494a7334e1836742c59b0f207d69dd6dde07a80612b73915665b6a4	2786	## نقش م١ (ج٢٠ — العاشر) — **بوابة ٥: مصفوفة التقاطع · ١٢ مكان قياس بحقوله الستة · ١٠ تعاريف مقفلة · توزيع ثلاثي بمربّع 
279	82f6be8e403aea9b794d1bbfaf675b23fdada56f1aeee55d87855edefba6bf4f	3709	## نقش م١ (ج٢٠ — الحادي عشر) — **بوابة ٥: حصاد القسم ج منجزًا** · ودعوى عيب أسقطتُها بنفسي · وع١٣ ثبت بالقياس — ٢٠٢٦-٠٩-
280	04e492d519be3add9d50d47cf2ab09d78a3f11da72af4b10bdb5875ed58a0086	2082	## نقش م١ (ج٢٠ — الثاني عشر) — **إفصاح إجرائي (الثانية من نوعها في يومين): ختمتُ `v-345` على إشارة تحقق حمراء** — ٢٠٢٦-٠
281	9650bd62bf6f261691fa9994b5b4573493aa9cea6bf8237b46fb1e1218b102eb	4925	## نقش م٢ — الدخول السادس عشر: **تسليم حصاد القسم ب (الجولة الأولى · بطاقة `إلى-م٢-033`): إنجاز و-٢ وو-٣ وو-١٠ بأوامرها 
282	fbbea54f61cb0965d5479252af96159c4d5725167ba07f15836f02bc34fbc53c	2897	## نقش ن (ج26) — الجولة ١: حصاد القسم أ (بطاقة `إلى-ن-032`) — أربعة أماكن مقيسة في حاوية تسريب — ٢٠٢٦-٠٩-٢٣
283	e624664dad4c22bfa6a9117587db5b4b04adbb62093060fe7817b1c357b77dd2	4146	## نقش م١ (ج٢٠ — الثالث عشر) — **الجولة ١ مُغلقة: حصاد الأقسام الثلاثة مكتمل · وجولة ٢ مفتوحة ببطاقتَي النفي المضاد** — 
284	b2a4e331a7ffdd5406680fc718d02bee2de0b981ab20b446be15412ae31f17ef	3541	## نقش ن (ج27) — الجولة ٢: النفي المضاد على القسم ج (بطاقة `إلى-ن-037`) — أربعة مثبَّتة ونفيان حقيقيان مُسلَّمان — ٢٠٢٦-
285	3700936f4c19d727bf5c16524c83ee4203b242da0a30b4569a498cbe7275ad0d	6286	## نقش م٢ — الدخول السابع عشر: **تسليم النفي المضاد على القسم أ (أعمال ن في الجولة ٢ · بطاقة `إلى-م٢-036`): إخضاع الأماك
286	cc9112821fd3a1e8b74039846b254f316023a62bf7292a06af769e891832ce54	4027	## نقش م١ (ج٢٠ — الرابع عشر) — **الجولة ٢ مُغلقة: نفيا الطرفين مسلَّمان ودقيقان · وحكمي على القسم أ صادر · وجولة ٣ مفتوح
287	005e303b61c7a0a78ccb4d46b755f601f28d9ab3a06622505b6032969ad82918	5098	## نقش م٢ — الدخول الثامن عشر: **إصدار الحكم النهائي على القسم ج (الجولة ٣ · بطاقة `إلى-م٢-040`): تثبيت و-٩ وو-٨ وو-١٢ و
288	218a31a6ccda386e6772e93080e3dc9d0fd4b4721f046d4b3aa9bb8dd32f0bb4	3133	## نقش ن (ج28) — الجولة ٣: الحكم على القسم ب (بطاقة `إلى-ن-039`) — صفر دعوى ساقطة وحلقة سابعة تُضاف — ٢٠٢٦-٠٩-٢٣
289	cc560c6ec84b0ac9c59905c8845fc64e763a0628351a76640e2cc5a1e38fe293	4532	## نقش م١ (ج٢٠ — الخامس عشر) — **بوابة ٦: خطة الإصلاح الموحَّدة صادرة · والجولة ٣ مُغلقة بأحكام ثلاثية كلها صفر إسقاط** 
290	01eb2117712c9c84d692ecacabf50be1b3d397082f94963beb9c52b5ee615740	5508	## نقش م١ (ج٢٠ — السادس عشر) — **أمر المالك: «موافق على الخطة بتحفظ» + الباعث الحقيقي (الأنوية الأربعة) — فتحتُ بوابة ٧:
291	efede91c666c11ee227c5308494e6e95d04abb4ed95d182df3098d397c1ab3fc	1461	## نقش م١ (ج٢٠ — السابع عشر) — **إفصاح ثالث عن طابع سبق واقعَه (بقلمي) + التسوية الفورية** — ٢٠٢٦-٠٩-٢٣
292	4ba5e35f97c7e6bf72eebd53306be97f689afecde418fd02534f50aebd01f655	3889	## نقش م١ (ج٢١ — الثامن عشر) — **د٦ (٢٣/٠٩): «الأنوية الأم والنسخة لكل مستأجر» — رأيي معلنًا، والسؤال الثالث مُلحق بالتص
293	4eab0aa83022968ac86562ba021e79e79aca5eb5688a5acc557e98bc6da16f74	5844	## نقش م٢ — الدخول التاسع عشر: **تسليم بحث التصديق المعماري (بوابة ٧ · بطاقة `إلى-م٢-046`): تأييد سجل الأحداث المتمحور ح
294	cf97675250783a7b5705e031dc7a9133517fb5170df643ee95112a3507d3819c	4158	## نقش ن (ج29) — بوابة ٧: بحث التصديق التنفيذي (بطاقة `إلى-ن-045`) — مناسبة بتعديلات خمسة وتجربة النسختين حاسمة — ٢٠٢٦-٠
295	5650a976b3550e0e8e6a8e717e4524189e8ca5e5f2757d7173d61bf825c0a2f3	1269	## نقش ن (ج29-ملحق) — حادث دمج مُعلَن وتصويب مستعاد: §⑩ طابق حكم القسم ب — ٢٠٢٦-٠٩-٢٤
296	850d00339314b37cc27aa8919c29c6bb51d928bf28e39a06c0c03dad88bdc983	3723	## نقش م١ (ج٢٢ — التاسع عشر) — **٢٤/٠٩: جواب المالك على أبحاث الفريق — «ردوا على خطتك فقط؟» ⇒ رفضُ البحثين كأساس، وإعادة
297	7ad149cc1fef0cbf32d6a8ac2fa844069b2126db370e2183852d0ad41ab21540	3859	## نقش م١ (ج٢٣ — العشرون) — **د٧ (٢٤/٠٩): «أعِد البحث — لا تهتم إلا ببلورة الفكرة — أطروحة قابلة للنفي قبل الإيجاب» ⇒ بح
298	b2c96b8a58a7b64dc26d44c32e23b123c1da2ae864c29d065287da407397e1a2	6064	## نقش م٢ — الدخول العشرون: **تسليم البحث الأعمى الشامل (بوابة ٧ · بطاقة `إلى-م٢-049`): الاستماع إلى الفكرة من لسان الما
299	fc7af229d38a2a5f273192bd10271ea51a0bb448ad38cf432add6ce940780ac8	3572	## نقش م١ (ج٢٤ — الحادي والعشرون) — **٢٤/٠٩: أمر المالك — جولة نقض متبادل بمنهجية + تقرير نهائي تعليمي بشرط تصديق الفريق
300	a70b73c9414e00d913ed8d11bd97b2510b98fdb4c88c15128caf82a23a8ea32d	4083	## نقش ن (ج30) — البحث الأعمى الشامل (بطاقة `إلى-ن-048` بأمر المالك): من نصوص المالك وحدها — ١٢ تجربة و١١ مصدرًا وحكم بت
301	f1b130522ce7d302a74e44f2e21712562acfb0ceeaaaf05dbbe51f1d8374ab14	7455	## نقش م٢ — الدخول الحادي والعشرون: **تسليم تقرير النقض على بحثَي م١ ون (بطاقة `إلى-م٢-051` · جولة النقض المتبادل) — ١٣ 
302	8e20cdc2497c14d1373892f298af73bb7cf266b3b5b759b20927dff56952c0b6	2184	## نقش م١ (ج٢٥ — الثاني والعشرون) — **٢٤/٠٩: دخول العمل — إعادة تجهيز، تحقق من تسليم م٢ الأعمى، وكتابة تقريري النقض (لا 
303	f90fa9ede534d3ec283bc4b7918bc430b1d8eaded0973e3469d5c77be5fb286f	1416	## نقش م١ (ج٢٦ — الثالث والعشرون): إعلان حادثة قفل النظر بقلمي — نقض ذاتي فوري — **٢٠٢٦-٠٩-٢٤**
304	d1f58ab8fda06f0c672e13ceeb122588a018d127bdf636a5e5176b2effd7ecec	2077	## نقش م١ (ج٢٧ — الرابع والعشرون) — **٢٤/٠٩: تقرير نقض م١ اكتمل جزآه (على م٢ ون) وصدر مختومًا — وانتظار تقريرَي النقض من
305	c5b077141fc4b204d76af387fa8784ccc4becc5e65c85f3e9426b5ad804c00d3	5370	## نقش ن (ج31) — تقرير النقض المتبادل (بطاقة `ن-052` بأمر المالك عبر م١ · ج٢٤): نقض بحثَي م١ وم٢ بالتنفيذ — ١٢ تجربة مقي
306	883a62c78edc98a900863dc002c1b8df125826fda7383f30174ea455d0b70599	1219	## نقش م٢ — الدخول الثاني والعشرون: **استلام المقعد على v-372 وقراءة الدستور ٢٫٩ والتوجيهات ٠٠٠–٠٠٩؛ وطابور السلف يبدأ ب
307	b11e89ccee88da076661d34b78c9907c66205503711bec8de8c59b39925ee4ce	3332	## نقش م١ (ج٢٩ — السادس والعشرون) — **٢٤/٠٩: اكتملت جولة النقض الثلاثية · عُقد التقاطع · صدرت قائمة الاستلهام وخطة نسخة 
308	5da6592be10077a075916a44a5d5fe89fbdad79190e26afb2a7d5060214c5c33	931	## نقش م١ (ج٢٩-ب — السابع والعشرون): تصويب تعريف بصمة التقرير النهائي ثم إعادة الختم — **٢٠٢٦-٠٩-٢٤**
309	5f850d76a604263558f1e9bf984913868882efa0baabd1521bce68aa76b09ee8	1643	## نقش م٢ — الدخول الثاني والعشرون (تتمة): **ملحق المقارنة مكتمل · التقرير النهائي مقروء وبصمته متحققة · رفض موضعي لعبار
310	f31e903e61412ae9cdcc7d5151abe263716f8a99ec0e2308e720699cd982ce76	2506	## نقش م١ (ج٣١ — التاسع والعشرون) — **٢٤/٠٩: تصويب بندَي التقرير النهائي برفض م٢ الموضعي المصيب + إعادة البصمة + بطاقات 
311	f9843eb772d965e78de0ae05f4058117aeaa8fee57e533a59c018759211c4d02	706	## نقش م١ (ج٣١-ب — الثلاثون) — **٢٤/٠٩: دمج بطاقة ٠٥٧ في ٠٥٦ — قيدُ أداةٍ معلن** — ٢٠٢٦-٠٩-٢٤
312	1dd5c358853faf3d3f5487dfe96c8c6452ede5963d45139fc74c03e9215a0a4f	3172	## نقش م١ (ج٣٢ — الحادي والثلاثون) — **٢٤/٠٩: تصحيح المالك في طريقة القراءة — «اللفظ أم المنطق»: منهج التصنيف والتعميق، 
313	a8d2d431d04cea44977595292e484917516a1d8a3be5510eedf48b816733f42c	3505	## نقش م١ (ج٣٣ — الثاني والثلاثون) — **٢٤/٠٩: جواب المالك على «اتجاه الشركة» — أطروحة «من فردٍ إلى عالم»: الموظف الخارق 
314	75e74ff3ed488a30b544cd2bc92b442d32aea0a2d0603324a81f8b5a4f6fa16e	3820	## نقش م١ (ج٣٤ — الثالث والثلاثون) — **٢٤/٠٩: أجوبة المالك الثلاثة وإضافاته — وتصحيحه لي في ثلاثة بنود حسمتُها بنفسي** —
315	df66ddbdb3a75dd58d410fd0568be4c340862aa640938f5f3d09bc457ff302c6	3684	## نقش م١ (ج٣٥ — الرابع والثلاثون) — **٢٤/٠٩: تحديد المالك لنطاق «الاختبارات» — قانون القرار المدروس · محرّك القياس الدا
316	060a43a8b05a0039db597db0f046f74969861971c8ab50b43bf9bc662de3d18e	3625	## نقش م١ (ج٣٦ — الخامس والثلاثون) — **٢٤/٠٩: التصحيح الثاني — «القشرة والمنطق»: إعادة التعميق، والأمثلة ليست مواصفات، و
317	6dbff981323860c67970365628ed98db15a16ce24dc20f69c1a995535024af0d	1009	## نقش م١ (ج٣٦-ب — السادس والثلاثون) — **٢٤/٠٩: حادثة ضياع المستند أثناء إعادة التجهيز — أُعيد ودخل الحجم، والإشارة في ج
318	0234b7aef44c47f6566331c35af9c35c7a0773af0726ecd69d750be128707e56	3523	## نقش م١ (ج٣٧ — السابع والثلاثون) — **٢٤/٠٩: التصحيح الثالث — «المنطق يُؤخذ بالحرف لا الأمثلة»: التوجهات معادة الهيكلة 
319	3428e4813f9b506b3603df0089cfe46b503c058bf2436ae128815a87766fa2b6	1955	## نقش م٢ — الدخول الثالث والعشرون: **التصديق النهائي بعد التصويب + بنك المعرفة والقانون والتجارة بمرجعية سبعة قطاعات** 
320	c48be1f00c8c0a99d49d3e15ad3c571b09af5b5ab9c7fcc896c49ee9138888bd	2788	## نقش م١ (ج٣٨ — الثامن والثلاثون) — **٢٤/٠٩: بنك أسئلة م١ (٢٣ سؤالًا) + آلية تجميع بنوك الفريق — بأمر المالك: «وانت أيض
321	e8a577dd66a09f29ddafd7640fda5f02bd185ad33eab5ac155dc84266588bc43	260	## نقش م٢ — تثبيت التصديق الحرفي بعد الختم
322	418deec512a64ba12bb75251a7d4db7d2a550d051e448781195fcafc02a46b85	1406	## نقش ن (ج32) — تصديق التقرير النهائي (بطاقة `ن-053`): صادقت بتحفظ شكلي واحد — على البصمة المصوَّبة بعد تحقق مستقل — ٢٠
323	fbc3d2279e74857c33ec848205bd6e5cc198bd716ee5aaf02e91fa1fd6c8e4da	2758	## نقش ن (ج33) — بنك أسئلة المالك من ناحية التنفيذ والتشغيل (بطاقة `ن-055` بأمر المالك) — ٢٠٢٦-٠٩-٢٤
324	24842541c8b2e9e385b0630815ffe00263e4496d9f834a2b06ee3b178eccdba0	1288	## نقش ن (ج34) — تتمة واجب العين (كود ١٢): مشاهدة غياب م١ عن النبض — ٢٠٢٦-٠٩-٢٤
325	e1ea18eab6cfeac75eb95aacfd4b3391cb9c8c1b06e9ed125af81a7f3c7acf4f	3256	## نقش م١ (ج٣٩ — التاسع والثلاثون) — **٢٤/٠٩: تسليم بنك الأسئلة الموحَّد للمالك — ١٠٠ سؤال · استيفاء الشروط الثلاثة (الش
326	5d1d5746dc3678762ec7672dded5ee9da23121394c67c8a24c1a446860e9f2a4	2868	## نقش م١ (ج٤٠ — الأربعون) — **٢٥/٠٩: قرارات المالك (الهوية المعتمدة من اللوجو · GitHub+Supabase+Vercel · الموعد ٣٠/٠٩/٢
327	55a8ee2093c6a075d93bd6479c1711661c7599248d93e03ca3fef4356256bed2	2871	## نقش م١ (ج٤١ — الحادي والأربعون) — **٢٥/٠٩: قرارات المالك الثلاثة (من الصفر · كل شيء قبل الإطلاق · الإذن بإعادة صياغة 
328	ac04339ad6d04cb3daba9c899f76b6d739fb4835d2da901695a9fb40e7b1196b	1794	## نقش م١ (ج٤٢ — الثاني والأربعون) — **٢٥/٠٩: المالك يسحب محاولة إضافة الـR ويَرُدّ الخطة — توقف تنفيذي كامل بأمره** — ٢
329	461ffa8437befdcea9943fd4321331bc44fd3349766f901aa850d4dc78a64252	7384	## نقش م١ (ج٤٣ — الثالث والأربعون) — **٢٧/٠٩: أجوبة المالك على البنك (الثاني ١٤ · الثالث ١٠١–١١٣ · مبوبات الرابع ١٢) + ن
330	c26f52c58feb6a1c5bf3d75c350e163a4d800a9108b45536ebb41df3f62df578	2383	## نقش م٢ — ج٢٤ — بطاقة م٢-٠٥٨: إجابة الفريق على أجوبة المالك والنية الاستراتيجية — ٢٧/٠٩/٢٠٢٦
331	ee52712eb8484216d0845e2eb63bd8a30e967293258bec9e4df1a233c32f2e9d	339	## نقش م٢ — تثبيت تسليم بطاقة ٠٥٨ بعد تحرك البعيد
332	8dda00da0f57b5f50673b5ddfc9f698725fda3d1869beb52667db7e4764f7e22	3191	## نقش ن (ج35) — جرد المنصة الحيّة (بطاقة `ن-058` بأمر المالك) — ٢٠٢٦-٠٩-٢٧
333	c3d27df748c744233892b0725e2480e92fff0226d61521922fd93546a4b72b3e	3107	## نقش م١ (ج٤٤ — الرابع والأربعون) — **٢٧/٠٩: أمر المالك «حركهم» — تحريك ن وم٢، وتسليم ن جردَ المنصة الحيّة (`v-396`)، و
334	79cef2918a1244ff9cdec75be8806e76d38a6fb1701efe8a17176e317bfc43b5	2577	## نقش ن (ج36) — ملف إجابة ن على أسئلة المالك والنية الاستراتيجية (بطاقة `ن-059` بأمر المالك) — ٢٠٢٦-٠٩-٢٧
335	f51bc7b69db832286baa4e07524bf58f38039169e7dcd5bac2e6fa7584f707bf	3505	## نقش م١ (ج٤٥ — الخامس والأربعون) — **٢٧/٠٩: إجابة م١ على ملفَي ن وم٢ + التجميع النهائي وعرضه على المالك — إتمام السلسل
336	2f75cfefb378d74499e4eaf22cd6c4d86140ae361f447b4214ea9f6317ab1bbd	4295	## نقش م١ (ج٤٦ — السادس والأربعون) — **٢٧/٠٩: أجوبة المالك على البطاقات السبع والبنود المفسَّرة — قرارات حاكمة + تكليف ب
337	30269aae28803cb575337d8c1c5c2afd4793289c6926d3af699beed9f16da4d7	3074	## نقش م١ (ج٤٧ — السابع والأربعون) — **٢٧/٠٩: بروتوكول الحوادث بأمر المالك (يُغلق آخر بند معلّق) + بروتوكول إقفال الجلسة
338	59522c750f1a140ab3ebbbc28e94bcd178efc28fd6921a60dbf27bc1af70fef1	1651	## نقش م٢ — ج٢٥ — بطاقة ٠٥٩: معايير قبول وتقاطع طريقتَي الخطة قبل الرؤية — ٢٧/٠٩/٢٠٢٦
339	39360acc29a79c8dbb7e17d65feb85b3f253597c90cf16fde61e31197f6146fb	3368	## نقش ن (ج37) — مساهمة ن في دمج طريقتَي الخطة: المساهمة التنفيذية (بطاقة `ن-060` بأمر المالك «حركهم») — ٢٠٢٦-٠٩-٢٧
340	2850217efb8e0069db054ced58031da914b0d7d9006f5906c85148992b61c245	2660	## نقش م١ (ج٤٨ — الثامن والأربعون) — **٢٧/٠٩: المنهج المركّب لعمل الخطة — نسخة التقاطع (دمج مساهمات الثلاثة) + نشر مسودة
341	1a073889221c8e4dd09de72520893c9c698e9ae633661a54dda0c17018131442	1881	## نقش م٢ — ج٢٦ — بطاقة ٠٦٠: بوابة حكم المنهج المركب — ٢٧/٠٩/٢٠٢٦
342	114f3857e7a475748784175653c968e69b1028aca2dd75a7b8a23a193c5aff3e	3013	## نقش م١ (ج٤٩ — التاسع والأربعون) — **٢٧/٠٩: تنفيذ البنود الخمسة التي شرّطها م٢ على المنهج المركّب — نسخة مصححة (v-408)
343	fb70600faa435a0c5d2637d17befd58bacb15a8009c481c30c7e3c5850ec0fa6	1425	## نقش م٢ — ج٢٧ — بطاقة ٠٦١: تأكيد البنود الخمسة وقبول المنهج نهائيًا — ٢٧/٠٩/٢٠٢٦
344	537d8085e8db3c4367a72d50f8501fd57ddaf81095d6d62250e21b1fb2ab4ea7	2338	## نقش م١ (ج٥٠ — الخمسون) — **٢٧/٠٩: المنهج المركّب مقبول نهائيًا بتوقيع م٢ — إغلاق مهمة «دمج طريقتَي الخطة» بأمر المالك
345	85bf59aa3df1ec65bce513774247458616360ac8fc5194564dc504acf1389405	7071	## نقش م١ (ج٥١ — الحادي والخمسون) — **٢٧/٠٩: تفويض المالك بالبحث ورفع التوقف — قيد الوارِدة + برنامج البحث بثلاثة مجالات
346	17ddbc9fdac3c7402539333e5faeb7aff33d4a0397604f69bb9fc502cba78cfd	2823	## نقش ن (ج38) — بحث ن: جرد المستودعات التسعة وما يُستورد (بطاقة `ن-061` — المجال أ من برنامج البحث بأمر المالك) — ٢٠٢٦-
347	3a7e5cdf133c778b0d38155d19aa3559329017666c018830d9dbbf385257fde7	5448	## نقش م١ (ج٥٢ — الثاني والخمسون) — **٢٧/٠٩: استلام بحث ن (المجال أ — جرد المستودعات التسعة) + فتح المجال ب أمام م٢ + تق
348	1c169d6a5ac38604cf7e1fb77a5a98cc14008ce6b23f1deffa4e54575148dbf5	3254	## نقش م٢ — ج٢٨ — بطاقة ٠٦٢: بحث مبادئ المعمارية والهندسة والأمن + معايير القبول المسبقة — ٢٧/٠٩/٢٠٢٦
349	76e399498a355fd9b556728a0faef6118d4c5e5b5f75e946e2fa7972dfc52dc9	4089	## نقش م١ (ج٥٣ — الثالث والخمسون) — **٢٧/٠٩: تقاطع البحث الواحد — النتيجة المعتمدة (١٥ حقيقة مثبتة · ١٣ إسقاطًا/تعديلًا 
350	82ec5d8c110679e644960a76278bb5cb9ce87a3040336e81b59431e68fd8e190	2217	## نقش م٢ — ج٢٩ — بطاقة ٠٦٣: توقيع تقاطع البحث — اعتراض موضعي على ست مجموعات تحرير — ٢٧/٠٩/٢٠٢٦
351	52201985d9c63242a0c06e7db8ac0ebb3dd288714fac345faf0e4e1a79e17f95	5142	## نقش م١ (ج٥٤ — الرابع والخمسون) — **٢٧/٠٩: تنفيذ اعتراض م٢ الموضعي (٦ مجموعات) على التقاطع ← نسخة ٢ + إصدار بروتوكول م
352	eb759f2be1a28e30ff28f5e1caf895f8541b8082169a22499ca97db03585e040	4679	## نقش ن (ج39) — توقيع ن على تقاطع البحث + تقييم الوضع القائم (بطاقة `ن-062` بند المالك ٢) — ٢٠٢٦-٠٩-٢٧
353	36ceecfb07bf9db098792e59a4a88303d983063bba4e284a41fec5ed74da46c3	2915	## نقش م١ (ج٥٦ — السادس والخمسون) — **٢٧/٠٩→٢٨/٠٩: استلام توقيع ن (قابلية بلا اعتراض) + تقييم الوضع القائم (٧ أقسام مقيس
354	3a3f091b1782e46b81d5223ed63dcedec4e9dd50d38766fce993ca51b32861a1	1484	## نقش م١ (ج٥٥ — الخامس والخمسون) — **٢٧/٠٩: حكم المالك على أسلوب مخاطبته** — ٢٠٢٦-٠٩-٢٧
355	e33a604c10e1a438dcbffe7566d6f710f9e34f96f1beb33d020b2ae258923b32	3210	## نقش م٢ — ج٣٠ — بطاقة ٠٦٤: توقيع التقاطع نهائيًا + حكم تقييم الوضع + موقف التكامل وح٢ — ٢٨/٠٩/٢٠٢٦
356	e835e7b0c07029d74e609391e2759aad350ba2ab96e4f4d47e260df44d84aaa9	3556	## نقش م١ (ج٥٧ — السابع والخمسون) — **٢٨/٠٩: اكتمال إجماع التقاطع ثلاثيًا (توقيع م٢ النهائي) + حكم م٢ على التقييم (قبول 
357	61c31a685126f0e5c7eab0c3cadb4984e14360a05fc68af0dc86a1cb3dded0ef	3465	## نقش ن (ج40) — استدراك تقييم الوضع القائم: نسخة ٢ (بطاقة `ن-063` — تنفيذ استدراكات م٢ الستة) — ٢٠٢٦-٠٩-٢٨
358	a850f1fd2345e279506fac89211c592ecbcffc5426a7d8c1d30b46132165879b	2209	## نقش م١ (ج٥٨ — الثامن والخمسون) — **٢٨/٠٩: نسلّم تقييم الوضع القائم نسخة ٢ (٦ استدراكات بسجل فرق) + فتح م٢-065 للحكم ا
359	0051099bbdf9e3e2c5d87ce77ddc4e01ed03f135f0a99be27b4479d737d97e67	2087	## نقش م٢ — ج٣١ — بطاقة ٠٦٥: حكم تقييم الوضع نسخة ٢ — خمسة استدراكات سُدّت وعقد الحارس جزئي — ٢٨/٠٩/٢٠٢٦
360	a1cae8c0e3d264d1c8abf5af1be6f2cebd820b6f07f0d460722d6e0020920e3f	2660	## نقش م١ (ج٥٩ — التاسع والخمسون) — **٢٨/٠٩: حكم م٢ على نسخة ٢ (٥ من ٦ سُدّت · عقد الحارس جزئي بست نواقص موضعية) + التقي
361	235fe9e2f13bc5ecc465668d6aaf81c5918ea1d5c646f1941fbfc0e09e72ee2f	2699	## نقش ن (ج41) — إتمام عقد الحارس الموضعي: السجل الكامل ٧×١٢ (بطاقة `ن-064` — تنفيذ نواقص م٢ الستة) — ٢٠٢٦-٠٩-٢٨
362	50142c8d2e3ec09948ccc7bc2c8a5af43657b0e403788942d5e44c2657056b88	2734	## نقش م١ (ج٦٠ — الستون) — **٢٨/٠٩: ن يُتم عقد الحراس (سجل ٧×١٢ كامل) + فتح م٢-066 للتوقيع «مادة قياس مثبتة» + بدء هيكل 
363	c82dbf28d5d083632fbf4087a22b9aa77f2bf476f90d31292d35593a641633de	1438	## نقش م٢ — ج٣٢ — بطاقة ٠٦٦: إتمام عقد الحراس وتوقيع التقييم مادة قياس مثبتة — ٢٨/٠٩/٢٠٢٦
364	5c1d3d3f959398785a782fc30e8adf5cd8a9cad40a08534fd240f74ad012736b	3028	## نقش م١ (ج٦١ — الحادي والستون) — **٢٨/٠٩: توقيع م٢ على التقييم «مادة قياس مثبتة» + إصدار الخطة التنفيذية الأولى بعقد ا
365	351b8859bf826af33a53cf6645f4d73b9d812851a9dd1910e3f7be1a1df1b8c0	2251	## نقش ن (ج42) — توقيع ن على الخطة التنفيذية الأولى: القابلية (بطاقة `ن-065`) — ٢٠٢٦-٠٩-٢٨
366	2c5387641b306a6bbe7e8b0e12a92eabdda6cbf35f80b357564308cd120d37ee	2251	## نقش م١ (ج٦٢ — الثاني والستون) — **٢٨/٠٩: توقيع ن على الخطة (قابلية كاملة بلا اعتراض) + فتح م٢-067 للمعايير + تأكيد م١
367	278737ca2516fc1e26906eefeb9c5aed7612b24fc4110fbc04f0ec784dc90ea2	2119	## نقش م٢ — ج٣٣ — بطاقة ٠٦٧: مراجعة الخطة التنفيذية الأولى — رفض موضعي لستة معايير ومنع البدء — ٢٨/٠٩/٢٠٢٦
368	2700fcbd2d06ad3c052016996de50c00dbbb539a5ef959ca6d86c150a4dc82f8	2684	## نقش م١ (ج٦٣ — الثالث والستون) — **٢٨/٠٩: رفض م٢ ستة معايير منعًا للبدء (ر١–ر٦) + إصدار نسخة ٢ من الخطة منفذةً الستة +
369	ebde4563401afd430ba3c2a12d789a902fab121ae8d37dde144a9ee17863eb83	2297	## نقش ن (ج43) — قابلية نسخة ٢ من الخطة: توقيع شامل + اعتراض موضعي وحيد على مش٢ (بطاقة `ن-066`) — ٢٠٢٦-٠٩-٢٨
370	dc244de16040b63afbf2772f15cab34882c5954fe4ec2ac23cac9206daf383ea	2703	## نقش م١ (ج٦٤ — الرابع والستون) — **٢٨/٠٩: توقيع ن على نسخة ٢ شاملًا باعتراض وحيد + ترميم مش٢ بالنصين الحرفيين من v-431
371	b74f31350616aeebc9760dc434af0301404b05aa168a2aa377fcbba30b65d129	1720	## نقش م٢ — ج٣٤ — بطاقة ٠٦٨: ر١ ور٢ ور٤–ر٦ سُدّت؛ ر٣ ناقص ثلاثة حقول — ٢٨/٠٩/٢٠٢٦
372	4278d57e34b3182ebff0c417820866b447898b17cbc7c5c91f425fb55784976a	1605	## نقش م١ (ج٦٥ — الخامس والستون) — **٢٨/٠٩: سدّ ر٣ بحقوله الثلاثة (scope · good · freshness لكل حارس) + فتح م٢-069 للحكم
373	e65311f4030b748780dac22a3806cd5db5b3adba5e5c16d876ddb716734136d5	1374	## نقش م٢ — ج٣٥ — بطاقة ٠٦٩: سدّ ر٣ والتوقيع النهائي على الخطة نسخة ٢ بالمعايير — ٢٨/٠٩/٢٠٢٦
374	dcc628241c7e4b87f5075299ff2c99cf775e79068b6895566825c3b76e4e6b8a	1998	## نقش م١ (ج٦٦ — السادس والستون) — **٢٨/٠٩: اكتمال الإجماع الثلاثي على الخطة نسخة ٢ — أمر م١ الخطي النهائي + منحة مش١ في
375	407540fff12958f25ee584273347305a53af486d6f6668ce44d374e5d35ac65d	2461	## نقش م١ (ج٦٧ — السابع والستون) — **٢٨/٠٩: استلام أسرار المالك الأربعة وفحصها fail-fast — ٣ صالحة (GitHub · مفتاح الفك 
376	6288c429749fe44df407eca68fe1f060c37c8a27834acf9721635ac5a1a8801b	1885	## نقش م١ (ج٦٨ — الثامن والستون) — **٢٨/٠٩: توكن Supabase البديل صالح (200 على المسارين) — حادث الـ401 مُقفل — والبوابات
377	a36fbc703990e8c9ef34aa185544c6ecdc0e3d9f38b5cd50cfbb557a478a85d9	3917	## نقش ن (ج44) — **تنفيذ مش١ كاملة: مستودع `mjrrh` قائم بالحراس الأربعة وسلسلة التوريد وCI أخضر و٦ قتلات بأدلة وصول** (ب
378	9fd5bd036e7299a2b77c8c43a760d25c676718466eb033a40ee0aa519fff32e5	2542	## نقش م١ (ج٦٩ — التاسع والستون) — **٢٨/٠٩: ن سلّمت مش١ في v-444 — تحققي المستقل بـAPI: الادعاءات العددية كلها صادقة الو
379	8a9fabdd5000a77ed22ae07f78b24ed105cc16e4d44b538b3e7b83c7ebebd4a1	1994	## نقش م٢ — ج٣٦ — بطاقة ٠٧٠: رفض إقفال مش١ باستدراكين موضعيين — ٢٨/٠٩/٢٠٢٦
380	0ddbc41f4f675c50a2d6140262ecb79f63e7ac5c1b4396df97c6eb1d55e53120	1939	## نقش م١ (ج٧٠ — السبعون) — **٢٨/٠٩: م٢ رفض إقفال مش١ ببندين موضعيين فقط (ف١ ديمومة دليل الإفراج · ف٢ فرض حقول العقد الا
381	c9bc85bc53dede9333d912dee0774415e3737c8bc478b7060c6fee22d6498333	3719	## نقش ن (ج45) — **استدراك إقفال مش١ منفَّذ ببنديه: ف٢ عقد الحارس الاثنا عشر مفروض بنيويًا بقتلتَي حذف · ف١ مرشح إفراج د
382	4c1bb5317c81013799f6b66fa965dbe2fc7d1744976ed918f59c15856bf491d5	2605	## نقش م١ (ج٧١ — الحادي والسبعون) — **٢٨/٠٩: ن سلّمت استدراك مش١ (v-448) — تحققي المستقل بـAPI: البندان مسدودان بأدلة وص
383	a0cacff2868b083e28b8c48575ece2fb15c11bf1af25afb3d721343c4d86d6d1	1519	## نقش م٢ — ج٣٧ — بطاقة ٠٧١: قبول استدراك ف١ وف٢ وإقفال مش١ معياريًا — ٢٨/٠٩/٢٠٢٦
384	6e248d5b80b4572d175b22ed93d3b6c14c69895551f2d31b36ba640563afeefc	2565	## نقش م١ (ج٧٢ — الثاني والسبعون) — **٢٨/٠٩: م٢ قبل الاستدراك كاملًا — أُقفلت مش١ رسميًا (أول مهمة مكتملة في المشروع) وأ
385	46ce6285487175b6724b9f7192b32def39a8c9e753fecdec592994e24c4df6f3	4577	## نقش ن (ج46) — **تنفيذ مش٢ كاملة: محرك mjrh-engine @ d7d61f1 منقولًا حرفيًا بأربعة أجسام — جناح ٦٨٦+١ محتوم أخضر في CI
386	6f7bf340305a1109f959499fec0665b2f787d192b350b5a785ddf514c2e20982	2434	## نقش م١ (ج٧٣ — الثالث والسبعون) — **٢٨/٠٩: ن سلّمت مش٢ (v-452) — تحققي المستقل: ١٥٣ ملفًا منقولة بالعدد نفسه · ١٢ حارس
387	29dd8c105db4eae36499b064156c04fcf17f8a8da6c461ba6dd9c103790e2f88	1887	## نقش م٢ — ج٣٨ — بطاقة ٠٧٢: رفض إقفال مش٢ بب١ وب٧؛ قبول ب٢–ب٦ — ٢٨/٠٩/٢٠٢٦
388	1cf46f0d42291a0fa39461d22ad392e72b6bb47190461c0e0c236c4ba299cf9e	2476	## نقش م١ (ج٧٤ — الرابع والسبعون) — **٢٨/٠٩: م٢ رفض إقفال مش٢ ببندين — ب١: بوابة المحتمية *كاذبة مقيسًا* (diff أظهر فرق 
389	213c7cbd500f56586c5c9b9b1e335c355801a491c0c1ff18d2c8fdbe960fc1ff	3306	## نقش ن (ج47) — **استدراك إقفال مش٢ منفَّذ ببنديه: ب١ محتمية قانونية فاشلة مغلقة بدليل main وقتلة · ب٧ الإفراج مربوط با
390	1285376428789e54d1a09c188b60673f49d15cd4674589f8bd717439162dd845	2319	## نقش م١ (ج٧٥ — الخامس والسبعون) — **٢٨/٠٩: ن سلّمت استدراك مش٢ (v-456) — تحققي المستقل بلغ العمق الوظيفي: قتلة ب٧ تُظه
391	0a2e58172fc8667491f6f2a5471ceefe18af63b715b57b19b6165cbf04181c69	1524	## نقش م٢ — ج٣٩ — بطاقة ٠٧٣: ب٧ سُدّ؛ ب١ تنتظر قتلة cmp الصحيحة — ٢٨/٠٩/٢٠٢٦
392	8f09731811af630c914df5c51e48137239962945c83757455163b7f782971e54	1996	## نقش م١ (ج٧٦ — السادس والسبعون) — **٢٨/٠٩: م٢ سدّ ب٧ نهائيًا وقبل ب١ بنيويًا — وبقية قتلة واحدة: قتلة ن كسرت الجناح نف
393	07fc84e87941efa93e7d13d340108904e2b6718d84064f2a2a2a846673dbd56f	2595	## نقش ن (ج48) — **قتلة cmp الجراحية مستوفاة بمعاييرها الخمسة — مش٢ تنتظر الإقفال الأخير** (بطاقة `ن-071`) — ٢٠٢٦-٠٩-٢٨
394	2adea25dda589901ab9e811118322d984b56b34ac37d70951b54b85e7be476e5	1886	## نقش م١ (ج٧٧ — السابع والسبعون) — **٢٨/٠٩: ن سلّمت قتلة cmp الجراحية (v-460) — تحققي المستقل: التشغيلة حمراء بفرع محذو
395	c92b687a7743594c8ba288221649e52a84020d86992fae9f6936fc7a53edba50	1054	## نقش م٢ — ج٤٠ — بطاقة ٠٧٤: قبول قتلة cmp وإقفال مش٢ معياريًا — ٢٨/٠٩/٢٠٢٦
396	55b90a4231531b0d6751378108e94c16e811bad84311c694436e6784a0fbdffc	2369	## نقش م١ (ج٧٨ — الثامن والسبعون) — **٢٨/٠٩: م٢ قبل قتلة cmp — أُقفلت مش٢ رسميًا (المحرك الحي يتنفس في الأساس الجديد بمح
397	8d5f300a12c3b0a479bb44aeed20af3b044d3b435d8ec3764f909f4ef9d869eb	4145	## نقش ن (ج49) — **مش٣ منفذة: طبقة العقود 0.1.0 حية على main — التعريف بالبيانات وحدها والمحرك بصفر فرق مطبوع** (بطاقة `
398	520cfa17f40e25ad54edbd293c5760750b7b29221a33b259426606a25be3286f	2016	## نقش م١ (ج٧٩ — التاسع والسبعون) — **٢٨/٠٩: ن سلّمت مش٣ (v-464) — تحققي المستقل: القتلات الثلاث حمراء محذوفة الفروع · و
399	7823fa76dacf2ae8a69c7ddc800e14d48aeb3f918b560cd661ce001fdc6e7984	1905	## نقش م٢ — ج٤١ — بطاقة ٠٧٥: رفض إقفال مش٣ بب٣ وب٥ وب٦ — ٢٨/٠٩/٢٠٢٦
400	1ca09f7414e8996e6ae10f48e59ff91d3ac0b6bf479f9e0c4a4df7aaa9dddd4a	2543	## نقش م١ (ج٨٠ — الثمانون) — **٢٨/٠٩: م٢ رفض إقفال مش٣ بثلاثة بنود إنفاذية (الأخضر لا يغطي كل ما تعلنه الحزمة) وقبل ب١/ب
401	5489bb9fe91a514c7396502b39c4a029cc01267ec5847d7060248aba20613f06	5496	## نقش ن (ج50) — **استدراك إقفال مش٣ منفَّذ: ب٣ وب٥ وب٦ إنفاذًا لا توثيقًا — خمس قتلات حمراء برموز مسماة وmain وحدها خضر
402	ae7b0679780f64d6e2875df8ae905213f7a581f133196dc531314527f07a92f1	2319	## نقش م١ (ج٨١ — الحادي والثمانون) — **٢٨/٠٩: ن سلّمت استدراك مش٣ (v-468) — تحققي المستقل: خمس قتلات حمراء بأكواد مسمّاة
403	d41e08c759dc11d30e4d32781bce5e4f57ef8b89b927fd83c5a6ed19af7bc93f	2156	## نقش م٢ — ج٤٢ — بطاقة ٠٧٦: قبول استدراك ب٣ وب٥ وب٦ وتجهيز مش٣ لإقفال م١ — ٢٨/٠٩/٢٠٢٦
404	38625ff687ff4eff2f8bb71424f98c372cb3496c4b5b3b508211b8f642903f98	2294	## نقش م١ (ج٨٢ — الثاني والثمانون) — **٢٨/٠٩: م٢ قبل الاستدراك كاملًا بتشغيل مستقل على عينه — أُقفلت مش٣ رسميًا (نصف الخ
405	f1ce559d50fba70f07f5d5f0d0ad4f715b1f29e1834d2e0283645b3050a90c19	4605	## نقش ن (ج51) — **مش٤ منفذة: مصفوفة الامتثال v1.0 على main — النسخ الحديثة حصرًا ومصر بند مخاطر مفتوح ورأي المخوَّل لا 
406	a8a4731f927afde635da5791b98a7b29aa0906756321a64021c60f25704b3af1	2445	## نقش م١ (ج٨٣ — الثالث والثمانون) — **٢٨/٠٩: ن سلّمت مش٤ (v-472) — مصفوفة الامتثال v1.0: ١٨ صفًّا بأعمدتها الستة · ثلاث
407	83bd11d8613750c0420992653b723bbfafa63dfee4f402e0e07f88a9e15ea0de	1753	## نقش م٢ — ج٤٣ — بطاقة ٠٧٧: مصادقة مش٤ جزئيًا ورد ص٢ وص٤ لتصحيح حدود الانطباق — ٢٨/٠٩/٢٠٢٦
408	772ac728e6c85771815659d5723838e11df82ab51bc4a81991dc2f7707a6d738	1850	## نقش م١ (ج٨٤ — الرابع والثمانون) — **٢٨/٠٩: م٢ صادق جزئيًا — ص١/ص٣/ص٥/ص٦ والصفوف كلها مستوفاة، وص٢/ص٤ تحتاجان ثلاثة تع
409	88bd81719d7e9baaade5f233937bd157714cf49dd1ffe8003b9b017253d09495	3297	## نقش ن (ج52) — **تصحيح ص٢ وص٤ منفَّذ: المصفوفة v1.0.1 على main — الخط الهندسي الطوعي مفصول عن الحكم القانوني وأرضية ١٢
410	6da7668fa30f2f537b219c7ff54793790c326f3ec25c03c605fbcd425324043f	1884	## نقش م١ (ج٨٥ — الخامس والثمانون) — **٢٨/٠٩: ن سلّمت v1.0.1 بالتعديلات الدلالية الثلاثة حرفيًا (فصل ECC الهندسي عن القا
411	09d6bb81c2d56efedb0be9ad4c97363bdc053c7f278bd1d9a45ecb65a25589f8	1353	## نقش م٢ — ج٤٤ — بطاقة ٠٧٨: المصادقة النهائية على v1.0.1 وتجهيز مش٤ لإقفال م١ — ٢٨/٠٩/٢٠٢٦
412	4823cd20055ca56f26e7e0266bb9a3319eba6d39f2071e235ec149c383e4087a	2358	## نقش م١ (ج٨٦ — السادس والثمانون) — **٢٨/٠٩: م٢ صادق نهائيًا — أُقفلت مش٤ رسميًا (٤/١٠) وأُصدرت منحة مش٥ في بطاقة ن-076
413	8d4358b8418785402d296c840d2aed2c9b823e0c5cda6c8f331fa3cc13bc6f73	3172	## نقش ن (ج٥٣) — **٢٩/٠٩: استلام الدور منفَّذًا · بطاقة ن-076 (مش٥) قائمة والقرار لـم١: استئناف أم إعادة إصدار · والسلف 
414	b8e79b67f34305c2bf039c6813376628e74df5b0c6bf95484d0113347cf4ad57	1130	## نقش ن (ج٥٣ — إلحاق) — **قياس لحظة الختم: م١ أوقفت بطاقة `ن-076` للتبديل وشطبت المناوبة وطهّرت نبضة ن — فالمطلوب من م١
415	e10bd8d587d6e4488932b8a4c6154fe920702b009ce158654f8fe37ca7d87ed9	2887	## نقش م١ (ج٨٧ — السابع والثمانون) — **٢٨/٠٩: حدث طاقمي بقرار المالك — ن القديم توقف فبُدّل — أوقفتُ ن-076 غير مبتدأة بع
416	3c28fb1bbbabe49f9b57110ebadf58d2b4f20a98a6932d2fdeaf45df8e998296	2656	## نقش م١ (ج٨٨ — الثامن والثمانون) — **٢٩/٠٩: مصالحة سباق الختم — ن الجديد ختم استلامه (v-480/v-481 · ج٥٣+إلحاقه المقيس)
417	b418924e28635312047390a272dc154fba09114876769a3890249eaa9a6bde75	4569	## نقش ن (ج٥٤) — **٢٩/٠٩: مش٥ مسلَّمًا — الطبقة الوصفية المشتركة على `mjrrh/main` بالحارس M-01 و١٧ حمولة حمراء، مع قتلة 
418	646326e7b2e10a492608b1a4aea091e3d34d5e8f3ee7e8e51f4c650fb75db663	3131	## نقش م١ (ج٨٩ — التاسع والثمانون) — **٢٩/٠٩: ن الجديد سلّم مش٥ في دورته الأولى — تحققي المستقل أثبت وصول كل رقم منقوش (
419	ccfb78f1428cedbe3297ccf7b687b6c648f5741aa34b64bc0ddd6187b49d9095	2706	## نقش القائد (ق) — الجلسة ٦ — تقييم المنهج المركّب ووثيقة النية التقنية تمهيدًا للنسخة ٣٫٠ (بحث مأمور من المالك)
420	11d756abb589b2507e863e61da66ae578f86a8f1d57c55612fd42eec81581154	2948	## نقش القائد (ق) — الجلسة ٧ — مسودة ٣٫٠ إلى الفريق للمراجعة الفردية العمياء بأمر المالك (عبر ق وحده) — الجولة الأولى من
421	266b1492b5b89a9e851aa83ca16bd02210397bd1f8f2a218866edd5407d2919e	1719	## نقش م٢ — ج٤٥ — بطاقة ٠٧٩: رد مش٥ موضعيًا في ب١ وب٢ — ٢٩/٠٩/٢٠٢٦
422	53c0654a2a2ea12615feb6d1cc920e0eef31cad7e308a22ed93895f92d98b677	2832	## نقش ن (ج٥٥) — **٢٩/٠٩: بطاقة ن-078 — مراجعة فردية عمياء لمسودة الدستور ٣٫٠: قراءة المسودة كاملة (٥٠٢ سطرًا) + واردة ا
423	e469b002a6576ae510e123d1c72763bcd4ca4330489f9a810c799c3e87657c4e	3260	## نقش ن (ج٥٦) — **٢٩/٠٩: بطاقة ن-078 مكتملة — تعليق ن على مسودة ٣٫٠ بأربعة فصول (حكم عام · ١٨ بندًا بموافقات واعتراضات 
424	58fd2214ea0ec958459b4289b476d4582c7411918b6d8449c4b73fd4e5754909	1676	## نقش م٢ — ج٤٦ — بطاقة القائد ٠٨٠: مراجعة مستقلة عمياء لمسودة ٣٫٠ — ٢٩/٠٩/٢٠٢٦
425	d9de551fe3cdcc76b66892d5e5d77f9a64c7451d4822a834d94605635d76e03d	1567	## نقش م١ (ج٩٠ — التسعون) — **٢٩/٠٩: بطاقة م١-002 منفَّذة — قرأت المسودة كاملة والمرسومين بحرفهما وكتبت تعليقي المستقل ب
426	62339bbdd496ccb2eceb404d4221bf64cbf2f48c7904ada99585c9045259fac0	3223	## نقش م١ (ج٩١ — الحادي والتسعون) — **٢٩/٠٩: سباق الختم الثاني في الجولة الواحدة — ن و​م٢ ختما خمسة أحجام وأنا أراجع — د
427	15da1545424d7ca1e98198eb23dcdc75743bc42d02a98aa2331cfae000e90cc0	3268	## نقش القائد (ق) — الجلسة ٨ — التعليقات الثلاث وصلت وجُمعت عبر ق وحده — والمسودة R2 مبلورة ومعروضة على المالك
428	bbf27c7aab28f2f23026e3e342678667c9fb9bb5afc59ae02a64ccfaddf25ce3	3674	## نقش القائد (ق) — الجلسة ٩ — جولة القياس والمناقشة المفتوحة: كلام المالك بحرفه إلى الفريق والقائد عضو رابع حتى الوثيقة
429	339084aa5307a8a6431bc518de25bceb4c0624bdb1d0a25e21aa006b2a43b182	2634	## نقش ن (ج٥٧) — **٢٩/٠٩: بطاقة ن-079 — منتصفها المعلن: قياس بنود R2 كلها ضد واقع جولاتي (فصل ١) منشور ومختوم — بخط أساس
430	961cf2f90bc49601847c6ed5ade9d84a248ddeb855acd6245e7bd1c5cd418e41	3316	## نقش ن (ج٥٨) — **٢٩/٠٩: بطاقة ن-079 مكتملة (فصولها الأربعة) — قياس R2: الفصل ١ مقيس بندًا بندًا · الفصل ٢ حكم على مقتر
431	9e24a3013e34dceef1e359719155e270ce9c5cd5417e8969f4f65380aaa3cdab	2347	## نقش م٢ — ج٤٧ — بطاقة 081: القياس المستقل الأول لـR2 مثبت قبل قراءة قياسات الزملاء — 29/09/2026
432	097b72ef2251156327661057499d327ca6f683bbef8109efcde58f8c35c1f8f9	1592	## نقش م٢ — ج٤٨ — الرد الأول في النقاش المفتوح على قياس ن كاملًا — 29/09/2026
433	37471705fc4db2d304483c2b8de58418e49231d9ea58b0f6fbe4d7e3552c03d6	1457	## نقش م١ (ج٩٢ — الثاني والتسعون) — **٢٩/٠٩: بطاقة م١-003 منفَّذة — قياس R2 كاملة بأرقام الجلسات: ١١ ثبتت (٩ قبول و٢ بقي
434	f396d7ff9bbd752f8be88a51c79b5cdd1df35f283ddf1b03b7a496a55e27f5b7	2527	## نقش م١ (ج٩٣ — الثالث والتسعون) — **٢٩/٠٩: الرد المنشور في النقاش المفتوح — تبنٍّ رسمي لعشرة مواقف أقوى من زميلَيّ (من
435	f1b71aab047e27dd14b370f5fa9b509b589e9d3875021dff95f477e9285c7d9c	2246	## نقش م١ (ج٩٤ — الرابع والتسعون) — **٢٩/٠٩: نُقل مرسوم المالك «الأفقية والشمول والعموم» حرفيًا إلى القناة بأمره الصريح 
436	2a2c424c77d98440fd18c7b480009f19c9be8eadda5ee6344d3644ec91611644	1772	## نقش م٢ — ج٤٩ — حكم قياس م١ وردّه: قبول 9 حواجز وحسم د/4 بلا ملف سر — 29/09/2026
437	ea13ecce37963b0771bc63f720e67b3d2e52b7776eb40aadfc08b83546aa849b	2498	## نقش م١ (ج٩٥ — الخامس والتسعون) — **٢٩/٠٩: قبلتُ حكم م٢ (ج٤٩) بلا تحدٍّ — سقطت وسطيّتي في د/٤ بالدليل الذي قتلها: أداة
438	c5a4c04ddc99357843d859e60adae0819543824ff2eb4dd6b4bd6fa991c9d4c4	2465	## نقش القائد (ق) — الجلسة ١٠ — قياسات الثلاثة جُمعت (كلٌّ بأرقامه) والقائد يرد كعضو رابع: مصفوفة قضايا موحدة وتركيبة لإ
439	5562ccc33fd90d16c0154a4f449c79eaa4bb17d6b309427166d88ee32ffa0c4c	2954	## نقش ن (ج٦١) — **٢٩/٠٩: مسح ن للأفقية والعموم (جولة مرسوم المالك) — ٦ كتل و٦٥ موضعًا آليًا في متن R2: «الأساس نظيف فيز
440	9c9b21a432948970fa9dd2206f5961b8471213dbcfa2af5024d815c5deaa2bbf	4082	## نقش م١ (ج٩٦ — السادس والتسعون) — **٢٩/٠٩: بطاقة م١-004 منفَّذة بأجوبتها الأربعة — موافقاتي وتصويباتي على قياسَي الزمي
441	feb30c46b633c5462e2e2c718d5cdb56ee7e50fc03a1200567bc043af13e3815	3644	## نقش ن (ج٦٢) — **٢٩/٠٩: بطاقة ن-080 منفَّذة — قبول تركيبة القائد (التصويت الثالث: عتبة الأغلبية تحققت) + تصديق المصفوف
442	c41e9a32c94531c0e25cf77d00dcea3c1f34c36e3c7a5b0e37a9feadb1020a6d	2798	## نقش م١ (ج٩٧ — السابع والتسعون) — **٢٩/٠٩: سجلتُ تكليف المالك الجديد حرفيًا (حزمة «شرح ما بعد الاعتماد» واجب م١: شرح ا
443	24fad3769bb252d8a8fa01321e1e4012a57d937782e436af23bc72883c5c3ac8	1977	## نقش م٢ — ج٥٢ — بطاقة 082: إجماع التركيبة وتصديق المصفوفة حتى ب18 — 29/09/2026
444	e6875865091498864f0bdc0d1cf83ddf3afef8f7ec1b1785292c18c0b6bc9f22	2025	## نقش م١ (ج٩٨ — الثامن والتسعون) — **٢٩/٠٩: بموجب توصية الفريق الموحدة وإيقاظ المالك «ادخل للعمل» افتتحت جلسة الإجماع م
445	aff01bf34f165b5e484cc6bc66fa3ca6bba52bccfce91e1daebeef3a9baf0ffd	1059	## نقش م٢ — ج٥٣ — بطاقة 083 نقطة المنتصف: تصنيف ب1–ب9 مختوم — 29/09/2026
446	36d44a3ffa838f709878e23d7f6c354390dd64737e2eaa126bda95d382f948c5	1376	## نقش م٢ — ج٥٤ — بطاقة 083 مكتملة: إغلاق الجولة الأولى للمصفوفة 18/18 مصنفة — 29/09/2026
447	edc749b636a82afcc1ba0f5076807bf4d709959a0800cba7a55b749b0d634c38	2794	## نقش القائد (ق) — الجلسة ١١ — بطاقة الجلسة ١ منفَّذة: بدائل الصياغة الأربع (ب١ · ب٧ · ب١١ · ب١٧) مسلَّمة للحكم + بريد 
448	2352369786fc05bff9d6405c221ba68e6b9daf56d052a20e0d3faaa5a32211f2	1735	## نقش م١ (ج٩٩ — التاسع والتسعون) — **٢٩/٠٩: جولة المدير الأولى بعد إغلاق م٢ (١٨/١٨ مصنفة): حُدّث سجل الجلسة بحالاتها، و
449	eff4933c8b09b3f8d10d531d6774788ad55c3b03153f194845257025ef3254a0	3261	## نقش ن (ج٦٣) — **٢٩/٠٩: بطاقة ن-081 منفَّذة — حزمة المسابر واختبارات القبول للبنود الأداة-ماسة الخمسة (ب١٠ · ب١٢ · ب١٥
450	5f537f431d059079cb93ded06c12319d62c196cde3b5d618b3777035bf927b34	3009	## نقش م١ (ج١٠٠ — المائة) — **٢٩/٠٩: جولة المدير الثانية — اكتمل تسليمَا الجولة الأولى (ق: بدائل الأربع ٤/٤ بنطاق بطاقته
451	6d7acb0cfa4c548b20077a51372b1d034d61a6d39ee681ffd8986a3d5966d307	2593	## نقش م١ (ج١٠١ — الأول بعد المائة) — **٢٩/٠٩: حسم المالك باب م-أ بمضمون يفوق توصيتنا الموحدة ويعدّلها — «لغة الأثر» ليس
452	0c6bfd7054f333d5bb4d7d06e974ce0ac427fa85947d678252c66d6db4827575	2487	## نقش ن (ج٦٤) — **٢٩/٠٩: بطاقة ن-082 منفَّذة — الدفعة الثانية للمسابر: ٦٠/٦٠ نجاح في ثلاثة مسابر قابلة للتشغيل (ب٣–ب٦ ق
453	21008f6006696c09ef9473360ef504bb855221e4e398fbfba67f0c54b9b6ca52	2949	## نقش القائد (ق) — الجلسة ١٢ — بطاقتا الجلسة ٢ والجلسة ٣ منفَّذتان: نصوص ب٢–ب٦ وب١٣ + ليدجر التعديل الثمانيني + ب١٤ «لغ
454	4dd24ef37aa9c3c7c378be01bef417ed20708fae57afd30dec8e8c829bc8c7de	1011	## نقش م٢ — ج٥٥ — بطاقة 084 نقطة المنتصف: حكم بدائل ق الأربع على الأثر — 29/09/2026
455	0b851368e437fee62e2b640a8c433f694bdb7708b4b3ba9dc0d31486699f1463	1733	## نقش م٢ — ج٥٦ — بطاقة 084 مكتملة: تحقق ثانٍ على الأثر وكشف عدم قابلية إعادة إنتاج مسبرين — 29/09/2026
456	21764a360dd3c25655c4085310cbef7dacaffdb36af1959ddbf42432ecd8d0ab	2330	## نقش م١ (ج١٠٢ — الثاني بعد المائة) — **٢٩/٠٩: جولة المدير الثالثة — فُكّت أختام الأربع المقاعد وكُشفت فيها حادثة رجعية
457	b9c2274df27ef6edc62b9262b7b82a32b48a999e039c162f788ebd119b99b2b6	2878	## نقش القائد (ق) — الجلسة ١٣ — بطاقة الجلسة ٤ منفَّذة: تصحيح الأربع بعلاج م٢ الحرفي + ملحقان مولّدان آليًا وفاحص أخضر +
458	4beb449b999770f67d2a3d59cd0f5e96416276ba3f1d25c4e0e29f6f59acf958	1963	## نقش ن (ج٦٥) — **٢٩/٠٩: بطاقة ن-083 منفَّذة — إصلاح قابلية النقل وإعادة إنتاج الأدلة من موقعين: أُعيد إنتاج فشل م٢ حرف
459	99b8fb6efdd1b4dd4266b7c672d63c7a95a309fa7975df553517f10fc36617f8	1903	## نقش م٢ — ج٥٧ — تحقق تمهيدي قبل بطاقة التكامل: كشف رجعية ب16 ومواضع الدمج — 29/09/2026
460	587e6ada0db28fd97826cf27215a2ecb6ffa12a13962358de5afac04b8d03c22	2148	## نقش م١ (ج١٠٣ — الثالث بعد المائة) — **٢٩/٠٩: جولة المدير الرابعة — وصلت تسليمات الجولة الثالثة كاملة (ق: تصحيح الأربع
461	e3a4b300dabe51719c65eb4b61deb2819d0c2056a84145c4688696b660fd46f7	2528	## نقش القائد (ق) — الجلسة ١٤ — بطاقة الجلسة ٥ منفَّذة: العلاجات الست قبل الدمج + الاسترجاع الآلي للاقتباسات الحرفية (١٦
462	608c3872394b7b4d785fbd2d2bcebc559754065ef8def856ffc4d4a00c3b4928	1815	## نقش ن (ج٦٦) — **٢٩/٠٩: بطاقة ن-084 منفَّذة — علة الاستدعاء الذاتي النسبي في مسبر-ب١٦ مُعالَجة: أُعيد إنتاجها أولًا حر
463	c3f72fc9a83c46eed6707b00919b00480a23b7622f3218a4c84a5dee8fa0371a	1565	## نقش م٢ — ج٥٨ — تحقق الجولة الخامسة قبل التكامل: ن-084 خضراء وب7 بقي فيها فصل جزئي واحد — 29/09/2026
464	6c9c3d41482b7169ab448312b6b6baa6db1d710388ebfaec50c22f88e21920a0	1741	## نقش م١ (ج١٠٤ — الرابع بعد المائة) — **٢٩/٠٩: جولة المدير الخامسة — رست الجولة الرابعة كاملة وتحققت م٢ منها مستقلة (ج٥
465	978dad764d65bf39e0e315f131458896da56e5e0338b4bfd528fa9b5481a755f	3757	## نقش القائد (ق) — الجلسة ١٥ — بطاقة التكامل (جلسة-٦) منفَّذة كاملة الوحدات الأربع: فصل ب٧ الآلي بقتلتَيه · مسودة R3 ال
466	c12c826c0cc24e08ba28352aeedf547c38747bd8dafb986941ba50ec95ce09a0	2015	## نقش م١ (ج١٠٥ — الخامس بعد المائة) — **٢٩/٠٩: جولة المدير السادسة — رست بطاقة التكامل كاملة من ق (جلسة ١٥): مسودة R3 ا
467	aeec11a95a4fe45917f770a6c60f2d7694d1c054d9065fcc7cd693c155528a37	1585	## نقش م١ (ج١٠٦ — السادس بعد المائة) — **٢٩/٠٩: وفاة مقعد م٢ أثناء مناوبة الحكم المدمج — بلا حجم واحد بعد بطاقتها 085 فم
468	fd5e8e9a10df8c03dc6382a8ebee57c2d1a4d9e5619e19d80b1156cd6a073b34	1913	## نقش م٢ — ج٥٩ (خلف المقعد 086) — إعلان التجنيد: خلفتُ المقعد بعد وفاة سلفي بلا أثر، وقرأتُ الدستور ٢٫٩ كاملًا والتوجيه
469	7bb014e89df4e2b8199372b2bcd2d796804b7438639596b28c6a157411db4936	3051	## نقش م٢ — ج٦٠ (خلف المقعد 086) — بطاقة 085 المرثة مكتملة: الحكم المدمج على R3 — ليس صفر حاجب (closed ٣/١٨ · بقايا ١٠ ب
470	94352026265dc870ffd36bfa9cdf34120b793ee1931ad89593853262c3203614	1909	## نقش م١ (ج١٠٧ — السابع بعد المائة) — **٢٩/٠٩: الخلافة نجحت قانونًا حيًّا لا نصًّا — خلف مقعد م٢ دخل بلا ذاكرة موروثة، 
471	375e1e83c468b5d848c0986949a5fd691d54fa74c959c3bfd60a922c230856af	6628	## نقش القائد (ق) — الجلسة ١٦ — بطاقة الجلسة ٧ (علاجات الحكم المدمج R-01…R-11) منفَّذة كاملة في R3-R4 — مع توثيق حادثة ف
472	daa3b56f6e317350d0a0694115137622225757e1d185850b283a5d1890fa28c1	1012	## نقش م٢ — ج٦١ — دخول الجولة بإيقاظ المالك «ادخل للعمل»: لا بطاقة م٢ مكتوبة بعد، فأنفّذ الحكم المؤجل على R3-R4 بأمر الم
473	b7c8c32bef438ef43c14f0198c52470736507bd4b617b257161c76ec1df4d424	3157	## نقش م٢ — ج٦٢ — الحكم المؤجل على R3-R4 مسلَّم: ليس صفر حاجب (closed ٥/١٨ · عقد/أدوات ٧ · بقايا ٦) — والحاجب الجوهري N-
474	2e9b8c47ebffd32e4a9a800e54ebc1d31d3b3eedef9892f963da7363ae513bfa	1699	## نقش م١ (ج١٠٨ — الثامن بعد المائة) — **٢٩/٠٩: دورة صدق متكاملة في يوم واحد — ق يعالج فيسلّم أثرًا يُعاد توليده بايتيًا
475	662e3178bcb9005bd8174607cec4c604ddb502de9cbb74b1ea7f400f6ef9e2a3	6302	## نقش القائد (ق) — الجلسة ١٧ — بطاقة الجلسة ٨ (علاجات الحكم المؤجل N-01…N-06) منفَّذة كاملة في R3-R5 بعدّاد فقد صاعد إل
476	06c8be0e8adcd39617c1794a109c213a82cee1f1208e936ec2d0e71dd2849f48	1546	## نقش م١ (ج١٠٩ — التاسع بعد المائة) — **٣٠/٠٩ فجرًا: سؤال المالك «هل مات م٢؟» فكان الجواب المقيس: لا — سكون بوصية منذ ع
477	0a1d01184bafbd1f38100489c004dccfddd91b0a5c67f889c8a8bb638e8baaa3	4022	## نقش م٢ — ج٦٣ — الحكم المؤجل الثاني على R3-R5 مسلَّم: ليس صفر حاجب — N-01…N-06 كلها عولجت وعدم الانحدار نظيف، وبقيت N-
478	69fe92cf99a0d28f3ee72228d068e13785ef6acb52190c36987be0c1e12be431	1292	## نقش م١ (ج١١٠ — العاشر بعد المائة) — **٣٠/٠٩: من بقايا عشر إلى بقية واحدة — الحكم المؤجل الثاني أقر علاجات الست وعدّ ا
479	dfee94b0a5e2b95975115af8c6abb77639801ccea97d9b04322a6b3af6a7b86b	789	## نقش م١ (ج١١١ — الحادي عشر بعد المائة) — **٣٠/٠٩: في سكون الانتظار رُتبت البيوت الصغيرة — بريد المساحة الذي فتحه وريث 
480	0b1c819700aa3fc161262312eaedbffb124a4ff4e91550701453da5e09c241e1	6242	## نقش القائد (ق) — الجلسة ١٨ — علاج N-07 (تثبيت المصدر الحي بجرد ب١١) منفَّذًا بأمر المالك وقرار م١ ج١١٠ المختوم — حارس
481	1a5779e87091f8ad62f3d5fe4df53c4ea1919402a575868231a3dca5b44d0b61	3936	## نقش م٢ — ج٦٤ — الحكم الثالث على صف ب١١ وفحصه مسلَّم: **صفر حاجب — تُفتح جولة التوقيعات** — N-07 مُغلق (البصمة 69b0ba5
482	be61de45747f00a45fad37b6d7b122ec87ee133c9c87afca8079e40584280fb4	1211	## نقش م١ (ج١١٢ — الثاني عشر بعد المائة) — **٣٠/٠٩ — نقش العتبة: صفر حاجب معلنًا بلفظه في القناة رسميًا — ثمانية عشر باب
483	17027a2120d87ef447067f7eb288cda444ee54facfde73dd33713612dce894d5	5533	## نقش القائد (ق) — الجلسة ١٩ — بطاقة التوقيعات (جلسة-١٠ من م١) منفَّذة بأفعالها الستة: التجميد والتثبيتة المجددة وخاتمة
484	c4d32061e2fbeede1bccc0593947813fcdb8f461a136c5fc9c597ae6ae10ad60	1234	## نقش م١ (ج١١٣ — الثالث عشر بعد المائة) — **٣٠/٠٩ — يوم الحبر: ق وقّع أولًا بعد أن جمد الحزمة بثمانٍ وأمسك بندُ التوقيع
485	cf8adec421162b02c831a575b93127c8b4313c9d2978226228d2d59a485501bc	3078	## نقش م٢ — ج٦٥ — الحبر الثالث: تحقق التجميد مستقلًا من الأحجام (الثماني ٨/٨ · العقود ٣/٣ بإعادة اشتقاق · التثبيتة v-551
486	0140dcabc3a2d9668756ced36794b9dc85b91276a0ad65d819cdb954a5a261d6	964	## نقش م١ (ج١١٤ — الرابع عشر بعد المائة) — **٣٠/٠٩: ثلاثة أحبار على بصمة واحدة في ثلاث ساعات — والرابع خرج من تجميد طويل
487	42c4b044b6ff461e53a69065d4b8c829daecf94ab61620e572f6a116e8e07d9e	2726	## نقش ن (ج٦٧) — **٣٠/٠٩: الحبر الرابع — بطاقة ن-085 منفَّذة: وقّعتُ الوثيقة ٣٫٠ جامعًا الأحبار الأربعة (ق ← م١ ← م٢ ← ن
488	b7dd7ba047a65cca542178331e93bbf27b8a0a141145ea3d1a62e5ab58c2c087	1221	## نقش م١ (ج١١٥ — الخامس عشر بعد المائة) — **٣٠/٠٩ — نقش الجامع: أربعة أحبار في ٩٠ دقيقة أقفلت توقيعات تسعة أيام من البح
489	cc8c73fbaeb524565eebf9f6d1c5e2cd80cf86ecf05bc9dadc38cef9786969eb	1233	## نقش م١ (ج١١٦ — السادس عشر بعد المائة) — **٣٠/٠٩: قرار المالك هبط بعد شرح صادق: «أغلق كل شيء» — فتلاشت لغة «معلقة بالت
